datetime,open,high,low,close,volume,trade_count,vwap
2022-08-16 04:00:00+00:00,427.73,431.71,426.895,429.72,889212.0,9366.0,429.314272
2022-08-17 04:00:00+00:00,425.96,429.48,424.565,426.67,955055.0,7557.0,426.717553
2022-08-18 04:00:00+00:00,426.86,428.6,425.525,427.82,843759.0,8369.0,427.102615
2022-08-19 04:00:00+00:00,424.85,425.24,421.245,422.19,1311955.0,10660.0,422.720965
2022-08-22 04:00:00+00:00,417.04,417.225,412.405,413.41,1506564.0,13776.0,414.255567
2022-08-23 04:00:00+00:00,412.84,415.405,411.78,412.3,1094373.0,10489.0,413.292157
2022-08-24 04:00:00+00:00,412.03,415.105,411.47,413.66,820436.0,7857.0,413.48442
2022-08-25 04:00:00+00:00,415.22,419.56,414.15,419.52,953924.0,9083.0,416.987578
2022-08-26 04:00:00+00:00,419.46,419.89,405.29,405.35,1616118.0,11450.0,410.451273
2022-08-29 04:00:00+00:00,402.22,405.82,401.2,402.63,1459284.0,13862.0,403.370348
2022-08-30 04:00:00+00:00,403.97,404.03,396.01,398.17,1586931.0,12943.0,398.551439
2022-08-31 04:00:00+00:00,399.92,401.21,395.05,395.11,1484931.0,12128.0,397.319771
2022-09-01 04:00:00+00:00,392.84,396.78,390.06,396.33,1672423.0,14485.0,393.038504
2022-09-02 04:00:00+00:00,400.27,401.55,390.335,392.19,2121598.0,17184.0,395.2897
2022-09-06 04:00:00+00:00,393.15,394.12,388.475,390.83,1205303.0,10423.0,391.265108
2022-09-07 04:00:00+00:00,390.41,398.55,390.3,397.82,1216815.0,10486.0,395.511435
2022-09-08 04:00:00+00:00,395.34,400.85,394.17,400.375,1898322.0,13754.0,397.965792
2022-09-09 04:00:00+00:00,402.74,407.51,402.5,406.51,1405507.0,11470.0,405.892879
2022-09-12 04:00:00+00:00,408.77,411.71,408.5,411.02,1053304.0,9447.0,410.315733
2022-09-13 04:00:00+00:00,401.8,403.1,391.93,393.03,2951925.0,25185.0,397.104671
2022-09-14 04:00:00+00:00,394.44,396.08,391.15,394.53,1111740.0,10473.0,393.751617
2022-09-15 04:00:00+00:00,392.97,395.92,388.81,390.19,1620604.0,12398.0,391.964117
2022-09-16 04:00:00+00:00,384.14,386.25,382.11,385.58,1669994.0,16554.0,384.278395
2022-09-19 04:00:00+00:00,382.27,388.52,382.18,388.515,897971.0,8070.0,386.158801
2022-09-20 04:00:00+00:00,385.065,386.01,381.21,384.22,1647627.0,16330.0,383.731321
2022-09-21 04:00:00+00:00,386.12,389.29,377.39,377.39,2085917.0,14649.0,383.588059
2022-09-22 04:00:00+00:00,376.58,377.66,373.495,374.29,1288498.0,12577.0,375.390072
2022-09-23 04:00:00+00:00,370.55,370.57,363.3,368.19,2136439.0,19381.0,366.672682
2022-09-26 04:00:00+00:00,366.42,370.19,363.05,364.33,1847635.0,14461.0,365.934073
2022-09-27 04:00:00+00:00,368.01,370.38,360.93,363.395,1506076.0,11332.0,364.595492
2022-09-28 04:00:00+00:00,364.36,372.3,362.63,370.52,2006135.0,15700.0,367.745962
2022-09-29 04:00:00+00:00,366.81,367.04,359.72,362.76,2229924.0,18062.0,362.361042
2022-09-30 04:00:00+00:00,361.91,365.82,357.11,357.21,2816620.0,22029.0,360.879748
2022-10-03 04:00:00+00:00,361.04,368.54,359.335,366.66,1618750.0,13864.0,365.424889
2022-10-04 04:00:00+00:00,372.42,377.99,372.35,377.99,1487082.0,12149.0,376.218514
2022-10-05 04:00:00+00:00,373.39,379.44,370.97,377.19,1490642.0,11117.0,374.914723
2022-10-06 04:00:00+00:00,375.61,378.68,372.68,373.19,1464188.0,11525.0,374.716403
2022-10-07 04:00:00+00:00,369.0,369.22,360.945,362.75,1786980.0,12057.0,364.259771
2022-10-10 04:00:00+00:00,363.97,364.17,357.74,360.08,1239893.0,9813.0,360.950967
2022-10-11 04:00:00+00:00,358.24,362.98,355.75,357.86,1607080.0,12255.0,358.588318
2022-10-12 04:00:00+00:00,358.32,359.8,356.33,356.52,1308393.0,9299.0,357.977097
2022-10-13 04:00:00+00:00,349.21,367.495,348.125,366.08,2869450.0,14960.0,360.169918
2022-10-14 04:00:00+00:00,368.56,370.23,356.96,357.68,1802519.0,11708.0,360.807605
2022-10-17 04:00:00+00:00,364.0,367.97,363.97,366.86,1484072.0,12875.0,366.554027
2022-10-18 04:00:00+00:00,375.13,375.41,367.56,371.19,1258448.0,8876.0,371.182659
2022-10-19 04:00:00+00:00,368.33,371.8,365.685,368.53,949998.0,7220.0,368.360341
2022-10-20 04:00:00+00:00,368.02,372.66,364.62,365.4,1564765.0,14731.0,367.768829
2022-10-21 04:00:00+00:00,365.12,374.785,363.71,374.3,1582516.0,12446.0,371.428339
2022-10-24 04:00:00+00:00,375.91,380.04,373.145,378.77,1388193.0,11584.0,377.432283
2022-10-25 04:00:00+00:00,378.87,385.235,378.78,384.83,1211118.0,9455.0,383.302879
2022-10-26 04:00:00+00:00,381.62,387.55,381.36,382.13,1585903.0,13128.0,383.552249
2022-10-27 04:00:00+00:00,383.28,384.93,379.33,380.07,1493070.0,14747.0,381.440923
2022-10-28 04:00:00+00:00,379.87,389.52,379.695,388.99,1568316.0,15064.0,386.505473
2022-10-31 04:00:00+00:00,386.4,388.38,385.34,386.22,1745821.0,14100.0,386.650703
2022-11-01 04:00:00+00:00,390.145,390.37,383.39,384.51,1294546.0,9738.0,385.762307
2022-11-02 04:00:00+00:00,383.97,388.61,374.96,375.02,2467552.0,15965.0,381.587949
2022-11-03 04:00:00+00:00,371.41,374.2,368.82,371.035,1643995.0,13925.0,371.953569
2022-11-04 04:00:00+00:00,377.0,378.75,370.06,376.14,1658118.0,12290.0,374.218854
2022-11-07 05:00:00+00:00,377.83,380.56,375.53,380.01,1250909.0,9820.0,378.471888
2022-11-08 05:00:00+00:00,381.11,385.12,377.73,381.93,1721182.0,12257.0,381.922674
2022-11-09 05:00:00+00:00,379.87,381.13,373.63,374.17,1329373.0,10196.0,377.064948
2022-11-10 05:00:00+00:00,388.01,395.035,385.67,394.485,2435337.0,18479.0,391.248462
2022-11-11 05:00:00+00:00,395.65,399.35,393.66,398.5,1448532.0,16030.0,397.109506
2022-11-14 05:00:00+00:00,396.67,400.17,394.855,394.92,1002684.0,8447.0,397.5516
2022-11-15 05:00:00+00:00,401.15,402.29,394.57,398.53,1826755.0,15381.0,398.853951
2022-11-16 05:00:00+00:00,396.75,397.68,394.88,395.51,1240798.0,9696.0,396.031552
2022-11-17 05:00:00+00:00,390.48,394.92,390.16,394.32,1403944.0,9648.0,392.277058
2022-11-18 05:00:00+00:00,397.7,397.7,393.07,396.23,1175909.0,9111.0,395.24767
2022-11-21 05:00:00+00:00,394.665,395.71,392.8,394.56,897412.0,8706.0,394.479126
2022-11-22 05:00:00+00:00,396.65,400.055,395.22,399.87,990774.0,9512.0,398.241462
2022-11-23 05:00:00+00:00,399.56,402.93,399.33,402.24,1040098.0,9526.0,401.545316
2022-11-25 05:00:00+00:00,401.85,402.89,401.575,402.26,354072.0,4072.0,402.280544
2022-11-28 05:00:00+00:00,399.095,400.78,395.125,395.9,987539.0,11394.0,397.417043
2022-11-29 05:00:00+00:00,396.05,397.26,393.35,395.325,905449.0,7984.0,395.157478
2022-11-30 05:00:00+00:00,395.495,407.53,393.575,407.45,2347320.0,13739.0,401.107713
2022-12-01 05:00:00+00:00,408.79,409.96,404.77,407.41,1340246.0,12108.0,407.406716
2022-12-02 05:00:00+00:00,402.295,407.83,402.295,406.855,1198086.0,10684.0,404.91812
2022-12-05 05:00:00+00:00,403.83,404.91,398.18,399.61,1595237.0,14179.0,400.999157
2022-12-06 05:00:00+00:00,399.41,399.99,391.665,393.93,1213050.0,11136.0,394.509073
2022-12-07 05:00:00+00:00,392.83,395.62,392.04,393.11,905487.0,8569.0,393.390365
2022-12-08 05:00:00+00:00,395.05,397.34,393.59,396.135,1050916.0,8642.0,395.848115
2022-12-09 05:00:00+00:00,394.94,397.6,393.165,393.295,1051349.0,9922.0,395.485725
2022-12-12 05:00:00+00:00,394.11,398.91,393.42,398.905,986494.0,8574.0,396.055991
2022-12-13 05:00:00+00:00,410.3,410.31,399.11,402.03,1730605.0,13663.0,403.958066
2022-12-14 05:00:00+00:00,401.63,405.36,396.33,399.39,1636933.0,12997.0,401.317328
2022-12-15 05:00:00+00:00,394.33,395.205,387.915,389.81,2089252.0,16718.0,390.052484
2022-12-16 05:00:00+00:00,385.16,386.49,381.08,383.35,1699530.0,14496.0,383.420482
2022-12-19 05:00:00+00:00,383.535,383.78,378.305,380.0,979700.0,10733.0,380.522579
2022-12-20 05:00:00+00:00,379.18,382.195,377.865,380.49,612906.0,6310.0,380.416928
2022-12-21 05:00:00+00:00,383.27,387.365,382.735,386.13,705913.0,7141.0,385.53829
2022-12-22 05:00:00+00:00,383.01,383.365,374.77,380.73,1432802.0,13667.0,378.835911
2022-12-23 05:00:00+00:00,379.66,383.04,378.06,382.75,666399.0,9185.0,381.281148
2022-12-27 05:00:00+00:00,382.88,383.075,379.67,381.335,609727.0,10235.0,381.533104
2022-12-28 05:00:00+00:00,381.33,383.33,376.51,376.69,918689.0,11861.0,378.973416
2022-12-29 05:00:00+00:00,379.69,384.34,379.12,383.37,1118483.0,11648.0,382.986937
2022-12-30 05:00:00+00:00,380.66,382.57,378.44,382.47,933670.0,9571.0,380.458101
2023-01-03 05:00:00+00:00,384.33,386.425,377.89,380.92,1210981.0,10605.0,381.028394
2023-01-04 05:00:00+00:00,383.2,385.82,380.05,383.75,1313126.0,12106.0,383.267016
2023-01-05 05:00:00+00:00,381.56,381.83,378.8,379.34,1041106.0,9828.0,380.045589
2023-01-06 05:00:00+00:00,382.71,389.24,379.56,388.01,1593344.0,14524.0,386.225243
2023-01-09 05:00:00+00:00,390.375,393.64,387.67,387.9,930814.0,12268.0,390.839381
2023-01-10 05:00:00+00:00,387.21,390.63,386.28,390.6,835820.0,11158.0,389.09566
2023-01-11 05:00:00+00:00,392.38,395.59,391.48,395.55,963241.0,9867.0,393.703735
2023-01-12 05:00:00+00:00,396.74,398.46,392.46,397.03,1081572.0,11479.0,396.199477
2023-01-13 05:00:00+00:00,393.65,399.08,393.38,398.49,833579.0,11669.0,396.839622
2023-01-17 05:00:00+00:00,398.52,400.19,397.1,397.75,861542.0,10999.0,398.235019
2023-01-18 05:00:00+00:00,399.14,400.1,391.3,391.59,1636291.0,13330.0,394.160725
2023-01-19 05:00:00+00:00,389.16,391.06,387.3,388.57,1224701.0,12302.0,389.26785
2023-01-20 05:00:00+00:00,389.95,396.03,388.42,395.89,1232221.0,12531.0,392.955109
2023-01-23 05:00:00+00:00,396.82,402.635,395.74,400.59,1240802.0,13319.0,400.077897
2023-01-24 05:00:00+00:00,398.88,401.145,397.72,400.21,804302.0,9389.0,399.839221
2023-01-25 05:00:00+00:00,395.83,400.68,393.59,400.245,1223209.0,13043.0,397.426913
2023-01-26 05:00:00+00:00,403.21,404.91,400.04,404.75,1024840.0,12242.0,402.661288
2023-01-27 05:00:00+00:00,403.73,408.145,403.485,405.68,1154808.0,12096.0,406.106561
2023-01-30 05:00:00+00:00,402.745,405.1,400.305,400.63,1351155.0,14100.0,402.20673
2023-01-31 05:00:00+00:00,401.12,406.51,400.86,406.5,1102712.0,11911.0,403.980586
2023-02-01 05:00:00+00:00,405.1,413.65,402.39,410.65,1473487.0,13663.0,407.27026
2023-02-02 05:00:00+00:00,414.85,418.27,412.89,416.73,1588666.0,17426.0,415.626643
2023-02-03 05:00:00+00:00,411.55,416.91,411.125,412.31,1127556.0,12938.0,413.604413
2023-02-06 05:00:00+00:00,409.82,411.23,408.11,409.95,759146.0,9927.0,409.958736
2023-02-07 05:00:00+00:00,408.89,416.49,407.74,415.25,1295710.0,12575.0,411.90294
2023-02-08 05:00:00+00:00,413.15,414.53,409.97,410.7,1526958.0,14426.0,411.461177
2023-02-09 05:00:00+00:00,414.5,414.55,405.89,407.15,1545776.0,16275.0,409.381942
2023-02-10 05:00:00+00:00,405.94,408.44,405.045,408.01,1082160.0,12146.0,407.003091
2023-02-13 05:00:00+00:00,408.76,412.96,408.24,412.74,888501.0,10657.0,411.688725
2023-02-14 05:00:00+00:00,411.24,415.02,408.52,412.72,1157809.0,11979.0,412.07961
2023-02-15 05:00:00+00:00,410.44,413.955,409.785,413.955,821878.0,10210.0,412.120701
2023-02-16 05:00:00+00:00,408.82,412.91,408.2,408.27,1163982.0,11785.0,410.437831
2023-02-17 05:00:00+00:00,405.97,407.49,404.075,407.255,1227607.0,13545.0,405.875165
2023-02-21 05:00:00+00:00,403.1,404.075,398.83,399.06,1516566.0,15519.0,400.429589
2023-02-22 05:00:00+00:00,399.51,401.13,397.03,398.53,1170602.0,12056.0,398.916009
2023-02-23 05:00:00+00:00,401.53,402.2,396.29,400.6,1399412.0,11958.0,399.524615
2023-02-24 05:00:00+00:00,395.4,397.235,393.69,396.44,1237939.0,12701.0,395.431669
2023-02-27 05:00:00+00:00,399.92,401.21,396.77,397.695,874279.0,9968.0,398.738538
2023-02-28 05:00:00+00:00,397.29,399.23,396.26,396.26,1008867.0,11621.0,397.667413
2023-03-01 05:00:00+00:00,395.38,396.675,393.4,394.715,1054008.0,10160.0,394.974195
2023-03-02 05:00:00+00:00,392.69,398.685,392.37,397.83,1345473.0,14689.0,395.396432
2023-03-03 05:00:00+00:00,399.71,404.415,399.035,404.175,1236338.0,12460.0,402.53941
2023-03-06 05:00:00+00:00,405.13,407.44,404.03,404.45,1000217.0,10766.0,405.55069
2023-03-07 05:00:00+00:00,404.415,404.65,397.625,398.29,1385511.0,14966.0,399.975906
2023-03-08 05:00:00+00:00,398.41,399.7,396.62,398.87,1166923.0,11698.0,398.064224
2023-03-09 05:00:00+00:00,399.74,401.46,390.535,391.65,1863803.0,19689.0,395.39108
2023-03-10 05:00:00+00:00,390.98,393.14,384.34,385.885,2663479.0,25055.0,387.799602
2023-03-13 04:00:00+00:00,381.78,390.32,380.69,385.33,2716899.0,24736.0,386.288359
2023-03-14 04:00:00+00:00,390.49,393.41,387.06,391.68,2748577.0,25291.0,390.540554
2023-03-15 04:00:00+00:00,385.72,389.41,383.74,389.29,2281311.0,22171.0,386.791871
2023-03-16 04:00:00+00:00,386.99,396.43,386.3,396.03,1918071.0,17071.0,392.903062
2023-03-17 04:00:00+00:00,393.2,394.29,388.555,390.12,1802218.0,15988.0,390.745141
2023-03-20 04:00:00+00:00,390.82,394.15,390.11,393.58,1518151.0,16081.0,392.599416
2023-03-21 04:00:00+00:00,397.26,399.4,395.59,398.88,1626744.0,15047.0,397.370585
2023-03-22 04:00:00+00:00,398.735,402.48,392.12,392.19,1863383.0,15557.0,398.589297
2023-03-23 04:00:00+00:00,395.08,399.275,390.41,393.29,1692167.0,16149.0,395.214528
2023-03-24 04:00:00+00:00,391.81,395.83,389.4,395.7,1347657.0,14095.0,393.051091
2023-03-27 04:00:00+00:00,398.13,398.87,395.56,396.42,1319918.0,14312.0,397.006521
2023-03-28 04:00:00+00:00,395.74,396.44,393.7,395.695,984276.0,10882.0,395.1408
2023-03-29 04:00:00+00:00,399.93,401.595,398.73,401.33,1505353.0,16182.0,400.181346
2023-03-30 04:00:00+00:00,404.06,404.34,401.76,403.63,1340759.0,13852.0,403.184536
2023-03-31 04:00:00+00:00,404.68,409.67,404.6,409.37,1675630.0,14776.0,407.083473
2023-04-03 04:00:00+00:00,408.87,411.37,408.45,411.01,1488912.0,14401.0,409.965041
2023-04-04 04:00:00+00:00,411.61,411.92,407.26,408.7,1683185.0,14901.0,409.107836
2023-04-05 04:00:00+00:00,407.88,408.61,405.9,407.63,1219176.0,13497.0,407.218859
2023-04-06 04:00:00+00:00,406.77,409.47,405.69,409.22,1496736.0,14965.0,408.131202
2023-04-10 04:00:00+00:00,406.6,409.68,405.985,409.68,1217743.0,13008.0,407.791367
2023-04-11 04:00:00+00:00,410.12,411.16,408.95,409.695,1023249.0,11292.0,410.108206
2023-04-12 04:00:00+00:00,411.92,412.16,407.45,408.04,1275272.0,13181.0,409.74144
2023-04-13 04:00:00+00:00,409.21,413.835,408.72,413.4,1685404.0,15579.0,411.87296
2023-04-14 04:00:00+00:00,412.85,415.09,410.085,412.495,1199080.0,12242.0,412.12306
2023-04-17 04:00:00+00:00,412.38,413.94,411.095,413.94,1127392.0,10876.0,412.548882
2023-04-18 04:00:00+00:00,415.63,415.72,412.79,414.215,1267974.0,15494.0,414.065129
2023-04-19 04:00:00+00:00,412.21,415.06,412.21,414.26,1075031.0,11245.0,413.630891
2023-04-20 04:00:00+00:00,411.18,413.69,410.27,411.835,1364870.0,11444.0,411.889081
2023-04-21 04:00:00+00:00,412.11,412.66,410.24,412.16,937587.0,10150.0,411.793184
2023-04-24 04:00:00+00:00,411.98,413.05,410.62,412.63,1002044.0,9286.0,412.034816
2023-04-25 04:00:00+00:00,410.57,411.14,406.04,406.12,1599541.0,15209.0,408.005868
2023-04-26 04:00:00+00:00,406.75,407.83,403.785,404.37,1650310.0,16644.0,405.638654
2023-04-27 04:00:00+00:00,406.99,412.675,406.75,412.38,1994345.0,17076.0,410.198466
2023-04-28 04:00:00+00:00,411.48,415.925,411.47,415.9,1694498.0,14287.0,414.446493
2023-05-01 04:00:00+00:00,415.48,417.6,415.275,415.56,1060641.0,11265.0,416.236188
2023-05-02 04:00:00+00:00,414.79,414.8,407.82,410.825,1700866.0,15259.0,410.556187
2023-05-03 04:00:00+00:00,411.38,413.84,407.79,407.96,1080213.0,10326.0,410.865958
2023-05-04 04:00:00+00:00,406.92,407.165,403.75,404.965,1700198.0,14807.0,405.358252
2023-05-05 04:00:00+00:00,408.76,413.7,408.65,412.68,1547470.0,13933.0,411.581136
2023-05-08 04:00:00+00:00,412.96,413.22,411.285,412.8,926139.0,9992.0,412.503606
2023-05-09 04:00:00+00:00,411.15,412.07,410.72,410.94,842492.0,9476.0,411.324893
2023-05-10 04:00:00+00:00,413.88,414.51,408.88,412.68,1426892.0,13850.0,411.907208
2023-05-11 04:00:00+00:00,411.965,412.39,409.97,412.08,988495.0,8951.0,411.265833
2023-05-12 04:00:00+00:00,413.43,413.63,409.11,411.61,999381.0,8713.0,410.89378
2023-05-15 04:00:00+00:00,412.27,413.39,410.26,413.02,813583.0,8458.0,412.01462
2023-05-16 04:00:00+00:00,411.85,412.78,410.25,410.28,1008235.0,9289.0,411.489139
2023-05-17 04:00:00+00:00,412.34,415.84,410.65,415.14,1343616.0,12506.0,414.033074
2023-05-18 04:00:00+00:00,414.96,419.66,414.7,419.215,1147069.0,10871.0,417.201271
2023-05-19 04:00:00+00:00,420.2,420.71,417.355,418.58,1158018.0,10308.0,418.946408
2023-05-22 04:00:00+00:00,418.8,420.37,417.37,418.77,925017.0,8576.0,419.142206
2023-05-23 04:00:00+00:00,417.09,418.06,413.685,414.135,1111986.0,11175.0,415.815852
2023-05-24 04:00:00+00:00,412.41,412.78,409.895,410.985,1204304.0,11157.0,411.029899
2023-05-25 04:00:00+00:00,414.74,416.07,412.43,414.62,1534315.0,12651.0,414.224823
2023-05-26 04:00:00+00:00,415.33,420.76,415.28,419.96,1594225.0,14236.0,419.298841
2023-05-30 04:00:00+00:00,422.03,422.575,418.76,420.135,1165756.0,10500.0,420.553836
2023-05-31 04:00:00+00:00,418.26,419.19,416.23,417.86,1585308.0,12847.0,417.69383
2023-06-01 04:00:00+00:00,418.205,422.92,416.855,421.79,1280781.0,12564.0,420.701257
2023-06-02 04:00:00+00:00,424.58,428.73,423.98,427.735,1485046.0,14856.0,427.233539
2023-06-05 04:00:00+00:00,428.22,429.67,426.38,427.1,1042292.0,9298.0,428.071805
2023-06-06 04:00:00+00:00,426.67,428.56,426.035,428.03,1132909.0,11370.0,427.532158
2023-06-07 04:00:00+00:00,428.46,429.6,426.13,426.57,1513065.0,12433.0,427.338988
2023-06-08 04:00:00+00:00,426.565,429.57,425.855,429.17,959745.0,9324.0,428.280706
2023-06-09 04:00:00+00:00,430.08,431.99,428.885,429.99,980638.0,8933.0,430.383353
2023-06-12 04:00:00+00:00,430.925,433.855,430.17,433.82,872286.0,8910.0,431.996146
2023-06-13 04:00:00+00:00,435.41,437.32,434.68,436.67,1434752.0,12166.0,436.356502
2023-06-14 04:00:00+00:00,437.1,439.03,433.655,437.14,1154840.0,9237.0,436.623495
2023-06-15 04:00:00+00:00,436.38,443.88,436.28,442.59,1762275.0,13512.0,441.098083
2023-06-16 04:00:00+00:00,443.11,443.11,438.98,439.28,1108906.0,10110.0,440.942685
2023-06-20 04:00:00+00:00,437.43,438.36,435.03,437.24,1191787.0,11064.0,436.994298
2023-06-21 04:00:00+00:00,436.2,436.97,434.37,434.85,1178565.0,8745.0,435.464099
2023-06-22 04:00:00+00:00,433.99,436.62,433.64,436.57,870482.0,8750.0,435.301569
2023-06-23 04:00:00+00:00,432.96,435.05,432.5,433.16,1161180.0,10825.0,433.523681
2023-06-26 04:00:00+00:00,432.64,434.55,431.205,431.4,1025359.0,9720.0,432.646608
2023-06-27 04:00:00+00:00,432.39,436.8,431.915,436.14,1114166.0,10174.0,435.119355
2023-06-28 04:00:00+00:00,435.09,437.42,434.41,436.34,934658.0,8053.0,435.614623
2023-06-29 04:00:00+00:00,435.94,438.265,435.62,438.14,762559.0,8443.0,437.300117
2023-06-30 04:00:00+00:00,441.44,444.22,441.18,443.22,1112022.0,8831.0,443.22616
2023-07-03 04:00:00+00:00,442.94,444.07,442.65,443.89,370605.0,5051.0,443.60843
2023-07-05 04:00:00+00:00,441.93,443.87,441.91,443.14,673063.0,7625.0,443.295883
2023-07-06 04:00:00+00:00,439.39,440.07,437.07,439.69,1061407.0,10275.0,438.643062
2023-07-07 04:00:00+00:00,438.63,442.64,438.305,438.52,1211901.0,10432.0,440.61638
2023-07-10 04:00:00+00:00,438.19,439.825,437.59,439.65,906011.0,8434.0,438.896857
2023-07-11 04:00:00+00:00,440.455,442.94,439.45,442.5,759246.0,9722.0,441.19109
2023-07-12 04:00:00+00:00,446.42,447.465,444.91,446.0,1025074.0,9239.0,446.24143
2023-07-13 04:00:00+00:00,447.895,450.375,447.485,449.61,1121925.0,10976.0,448.919647
2023-07-14 04:00:00+00:00,450.6,451.35,448.58,449.33,827887.0,8850.0,449.872285
2023-07-17 04:00:00+00:00,449.13,451.92,449.13,450.86,757125.0,7166.0,450.597287
2023-07-18 04:00:00+00:00,450.53,454.845,450.1,454.22,1195584.0,10919.0,453.156001
2023-07-19 04:00:00+00:00,455.22,456.425,454.4,455.05,911992.0,9248.0,455.48622
2023-07-20 04:00:00+00:00,454.16,455.08,451.46,452.26,1078576.0,10436.0,453.319007
2023-07-21 04:00:00+00:00,453.93,454.14,452.18,452.2,912338.0,9567.0,453.063994
2023-07-24 04:00:00+00:00,453.38,455.01,452.75,454.19,745375.0,7914.0,454.081123
2023-07-25 04:00:00+00:00,453.95,456.71,453.915,455.36,790450.0,9710.0,455.472826
2023-07-26 04:00:00+00:00,454.5,456.9,453.41,455.505,916421.0,9096.0,454.815909
2023-07-27 04:00:00+00:00,459.08,459.44,451.58,452.5,1436841.0,12615.0,455.623687
2023-07-28 04:00:00+00:00,455.775,457.78,455.12,456.91,1279542.0,12408.0,456.697435
2023-07-31 04:00:00+00:00,457.41,458.11,456.07,457.81,818144.0,9342.0,457.03461
2023-08-01 04:00:00+00:00,456.32,457.19,455.505,456.44,1033910.0,11207.0,456.395853
2023-08-02 04:00:00+00:00,453.25,453.495,449.36,450.16,1435967.0,13400.0,451.139416
2023-08-03 04:00:00+00:00,448.115,450.79,447.395,448.88,982821.0,10522.0,449.168675
2023-08-04 04:00:00+00:00,450.705,452.885,446.285,446.79,1653131.0,14064.0,449.554333
2023-08-07 04:00:00+00:00,448.69,450.86,448.01,450.68,931786.0,9516.0,449.594488
2023-08-08 04:00:00+00:00,448.03,449.225,445.3,448.86,977244.0,10254.0,447.077591
2023-08-09 04:00:00+00:00,449.03,449.16,444.96,445.74,1094151.0,10926.0,447.056642
2023-08-10 04:00:00+00:00,448.195,451.67,444.73,445.88,1315971.0,11506.0,447.750215
2023-08-11 04:00:00+00:00,443.96,446.67,443.455,445.36,936311.0,9780.0,445.226033
2023-08-14 04:00:00+00:00,444.8,448.1,444.385,448.1,790707.0,7897.0,446.707396
2023-08-15 04:00:00+00:00,446.29,446.605,442.32,442.93,1083858.0,10470.0,443.918672
2023-08-16 04:00:00+00:00,442.47,444.17,439.54,439.62,1044477.0,10289.0,441.566912
2023-08-17 04:00:00+00:00,441.1,441.375,435.75,436.26,1138844.0,11122.0,438.440146
2023-08-18 04:00:00+00:00,433.27,437.55,433.07,436.39,1189686.0,10567.0,435.563327
2023-08-21 04:00:00+00:00,437.51,440.105,435.33,439.32,1178587.0,10116.0,438.113517
2023-08-22 04:00:00+00:00,441.115,441.12,437.6,438.11,700106.0,7034.0,438.889517
2023-08-23 04:00:00+00:00,439.25,443.63,439.11,442.98,931675.0,8727.0,442.219752
2023-08-24 04:00:00+00:00,444.85,445.2,436.855,436.92,1448843.0,11310.0,439.766925
2023-08-25 04:00:00+00:00,438.6,441.26,435.01,439.98,1182497.0,10571.0,438.644132
2023-08-28 04:00:00+00:00,442.32,443.375,440.875,442.78,849212.0,8401.0,442.087239
2023-08-29 04:00:00+00:00,442.705,449.43,442.485,449.19,1488379.0,11948.0,447.61562
2023-08-30 04:00:00+00:00,449.51,451.66,448.81,450.96,1136740.0,10163.0,450.727992
2023-08-31 04:00:00+00:00,451.65,452.82,450.18,450.2,1232403.0,13603.0,451.46731
2023-09-01 04:00:00+00:00,453.17,453.66,449.69,451.18,802509.0,7458.0,451.103329
2023-09-05 04:00:00+00:00,450.68,451.045,449.185,449.26,1242430.0,11809.0,450.023428
2023-09-06 04:00:00+00:00,448.43,448.49,443.825,446.24,1609327.0,13513.0,445.78515
2023-09-07 04:00:00+00:00,443.06,445.52,442.76,444.88,1269234.0,11555.0,444.462808
2023-09-08 04:00:00+00:00,444.89,447.1,444.53,445.58,1079293.0,10336.0,445.749096
2023-09-11 04:00:00+00:00,448.29,448.77,446.5,448.54,1062788.0,11023.0,447.839963
2023-09-12 04:00:00+00:00,446.91,448.46,445.39,446.01,1282523.0,11354.0,446.681657
2023-09-13 04:00:00+00:00,446.1,447.68,445.08,446.46,1021666.0,9198.0,446.583817
2023-09-14 04:00:00+00:00,449.08,451.06,447.72,450.4,1294030.0,11776.0,449.895849
2023-09-15 04:00:00+00:00,447.245,447.42,443.02,443.305,2127873.0,16601.0,444.438466
2023-09-18 04:00:00+00:00,443.04,444.965,442.57,443.63,934550.0,9194.0,443.811236
2023-09-19 04:00:00+00:00,442.78,443.22,439.97,442.62,1070394.0,9669.0,441.737185
2023-09-20 04:00:00+00:00,443.98,444.435,438.43,438.52,1090190.0,9653.0,441.833555
2023-09-21 04:00:00+00:00,435.71,435.94,431.25,431.3,1755895.0,16036.0,433.639006
2023-09-22 04:00:00+00:00,432.48,434.06,430.01,430.28,1192890.0,10779.0,432.049879
2023-09-25 04:00:00+00:00,429.13,432.25,428.745,432.23,838426.0,8558.0,430.810377
2023-09-26 04:00:00+00:00,429.1,429.81,425.035,425.84,1533865.0,13565.0,426.812144
2023-09-27 04:00:00+00:00,427.08,427.615,422.31,425.925,1627458.0,12754.0,425.23102
2023-09-28 04:00:00+00:00,425.56,430.24,424.87,428.51,1218814.0,12142.0,428.133518
2023-09-29 04:00:00+00:00,431.69,431.82,425.94,427.3,1853531.0,13393.0,428.140328
2023-10-02 04:00:00+00:00,426.6,428.58,424.49,427.36,1136854.0,11713.0,426.305926
2023-10-03 04:00:00+00:00,425.2,426.635,420.2,421.68,1419038.0,11914.0,421.965246
2023-10-04 04:00:00+00:00,422.07,425.405,420.57,424.705,1386577.0,11514.0,423.065792
2023-10-05 04:00:00+00:00,424.42,425.37,421.21,424.31,1030251.0,8313.0,423.543613
2023-10-06 04:00:00+00:00,422.165,431.11,420.6,429.44,1659220.0,12251.0,427.33989
2023-10-09 04:00:00+00:00,427.49,432.86,427.04,432.24,899989.0,8216.0,430.253701
2023-10-10 04:00:00+00:00,433.02,437.205,432.53,434.47,1484259.0,11512.0,435.101267
2023-10-11 04:00:00+00:00,435.68,436.57,433.18,436.33,871580.0,8299.0,435.093217
2023-10-12 04:00:00+00:00,436.86,437.32,431.24,433.68,1368679.0,9888.0,433.86534
2023-10-13 04:00:00+00:00,435.26,436.39,429.9,431.625,1607990.0,11067.0,432.037295
2023-10-16 04:00:00+00:00,433.81,437.115,433.57,436.04,1328669.0,11167.0,435.895098
2023-10-17 04:00:00+00:00,432.77,438.13,432.48,436.11,1203633.0,9477.0,435.462772
2023-10-18 04:00:00+00:00,434.05,435.115,429.09,430.24,1357315.0,10500.0,431.83497
2023-10-19 04:00:00+00:00,430.89,432.82,425.74,426.43,1559608.0,11176.0,428.887113
2023-10-20 04:00:00+00:00,425.89,426.48,421.08,421.25,1939948.0,13239.0,422.832077
2023-10-23 04:00:00+00:00,419.54,424.45,417.82,420.52,1325831.0,12379.0,421.528992
2023-10-24 04:00:00+00:00,422.69,424.81,420.74,423.56,1114518.0,9569.0,423.173975
2023-10-25 04:00:00+00:00,421.91,421.91,417.03,417.62,1306827.0,13261.0,418.898728
2023-10-26 04:00:00+00:00,416.46,417.29,411.71,412.6,2260803.0,14677.0,414.124279
2023-10-27 04:00:00+00:00,414.385,414.57,409.24,410.76,1810349.0,14357.0,411.014556
2023-10-30 04:00:00+00:00,413.56,416.67,412.27,415.64,1450213.0,12576.0,415.021173
2023-10-31 04:00:00+00:00,416.17,418.5,414.21,418.18,1403280.0,11854.0,417.191216
2023-11-01 04:00:00+00:00,419.285,423.485,418.68,422.66,1521992.0,12851.0,421.096835
2023-11-02 04:00:00+00:00,426.6,430.91,426.6,430.69,1370443.0,13935.0,429.459299
2023-11-03 04:00:00+00:00,433.135,436.29,433.11,434.72,1452655.0,12916.0,434.990001
2023-11-06 05:00:00+00:00,435.48,436.14,433.71,435.69,1260585.0,11269.0,435.081134
2023-11-07 05:00:00+00:00,435.66,437.58,434.51,436.89,1139427.0,12015.0,436.701652
2023-11-08 05:00:00+00:00,437.5,438.09,434.895,437.43,938576.0,8956.0,436.891127
2023-11-09 05:00:00+00:00,438.38,438.47,433.41,433.88,1103998.0,10247.0,435.52617
2023-11-10 05:00:00+00:00,435.99,440.92,434.45,440.72,1796559.0,13075.0,438.805045
2023-11-13 05:00:00+00:00,439.21,441.325,438.445,440.17,1119503.0,10945.0,440.144564
2023-11-14 05:00:00+00:00,446.35,450.05,446.13,448.66,2091007.0,16730.0,448.787494
2023-11-15 05:00:00+00:00,450.28,451.38,448.82,449.69,1593220.0,12462.0,450.112512
2023-11-16 05:00:00+00:00,449.225,450.51,448.18,450.25,1360772.0,11304.0,449.565408
2023-11-17 05:00:00+00:00,450.23,451.395,449.31,450.74,1080958.0,11727.0,450.510449
2023-11-20 05:00:00+00:00,450.63,455.1,450.57,454.26,1608190.0,13164.0,453.504205
2023-11-21 05:00:00+00:00,453.235,453.62,451.97,453.28,1105748.0,10378.0,452.979556
2023-11-22 05:00:00+00:00,454.995,456.33,453.93,455.0,1146131.0,10451.0,455.100041
2023-11-24 05:00:00+00:00,455.08,455.42,454.75,455.26,425092.0,4648.0,455.058479
2023-11-27 05:00:00+00:00,454.69,455.49,454.09,454.515,1009412.0,10289.0,454.805868
2023-11-28 05:00:00+00:00,454.02,456.26,453.51,454.87,1065276.0,10655.0,454.804314
2023-11-29 05:00:00+00:00,457.13,458.31,454.21,454.66,1583960.0,11918.0,455.690664
2023-11-30 05:00:00+00:00,455.45,456.75,453.385,456.28,1601972.0,12099.0,455.132518
2023-12-01 05:00:00+00:00,455.68,459.63,455.16,458.99,1728551.0,15054.0,458.077678
2023-12-04 05:00:00+00:00,455.54,456.93,454.395,456.59,1613164.0,14037.0,455.865875
2023-12-05 05:00:00+00:00,455.22,457.57,454.88,456.58,1533281.0,12248.0,456.277631
2023-12-06 05:00:00+00:00,458.76,458.82,454.365,454.74,1492618.0,12014.0,456.172466
2023-12-07 05:00:00+00:00,456.91,458.88,456.315,458.21,1573965.0,12784.0,457.923397
2023-12-08 05:00:00+00:00,457.47,460.72,457.23,460.15,1645376.0,11843.0,459.592113
2023-12-11 05:00:00+00:00,459.69,462.16,459.47,461.96,1726740.0,16330.0,461.081383
2023-12-12 05:00:00+00:00,461.57,464.2,460.61,464.2,1549133.0,15268.0,462.968992
2023-12-13 05:00:00+00:00,464.45,470.72,464.12,470.54,2119988.0,17564.0,466.977095
2023-12-14 05:00:00+00:00,472.555,473.72,469.28,472.03,2630046.0,18405.0,471.74975
2023-12-15 05:00:00+00:00,469.41,470.66,468.44,469.35,2678285.0,18469.0,469.453814
2023-12-18 05:00:00+00:00,470.95,472.94,470.8,472.01,1626415.0,14960.0,472.053507
2023-12-19 05:00:00+00:00,472.5,474.91,472.475,474.78,1262970.0,12416.0,473.972145
2023-12-20 05:00:00+00:00,473.89,475.89,467.84,468.06,2056789.0,16121.0,472.315741
2023-12-21 05:00:00+00:00,471.32,472.97,468.86,472.68,1759812.0,13830.0,471.38627
2023-12-22 05:00:00+00:00,473.9,475.37,471.73,473.67,1441165.0,13466.0,474.080479
2023-12-26 05:00:00+00:00,474.08,476.52,474.0,475.63,1050923.0,9359.0,475.346779
2023-12-27 05:00:00+00:00,475.49,476.65,474.95,476.56,1045120.0,9744.0,475.720529
2023-12-28 05:00:00+00:00,476.885,477.515,476.26,476.71,1105732.0,8420.0,476.814441
2023-12-29 05:00:00+00:00,476.43,477.01,473.35,475.36,4791892.0,24253.0,475.34254
2024-01-02 05:00:00+00:00,472.15,473.64,470.49,472.66,1982936.0,13820.0,471.923656
2024-01-03 05:00:00+00:00,470.46,471.175,468.17,468.76,1590343.0,12822.0,469.656446
2024-01-04 05:00:00+00:00,468.21,470.95,467.05,467.34,1800797.0,12702.0,468.547952
2024-01-05 05:00:00+00:00,467.345,470.41,466.46,467.86,1412989.0,10476.0,468.213059
2024-01-08 05:00:00+00:00,468.49,474.74,468.38,474.53,1804664.0,13401.0,472.231418
2024-01-09 05:00:00+00:00,471.94,474.895,471.38,473.85,1027653.0,9560.0,473.366237
2024-01-10 05:00:00+00:00,474.17,477.44,473.87,476.52,1072022.0,11180.0,475.697013
2024-01-11 05:00:00+00:00,477.55,478.08,472.27,476.37,1203593.0,9515.0,475.348363
2024-01-12 05:00:00+00:00,477.8,478.58,475.24,476.65,1035875.0,10992.0,476.572278
2024-01-16 05:00:00+00:00,475.28,476.6,473.075,474.85,1880438.0,12034.0,474.418555
2024-01-17 05:00:00+00:00,471.81,472.78,469.875,472.28,1228548.0,12010.0,471.609031
2024-01-18 05:00:00+00:00,474.11,477.02,472.43,476.5,1253996.0,11641.0,474.766018
2024-01-19 05:00:00+00:00,477.63,482.69,476.96,482.48,1259826.0,11654.0,480.405273
2024-01-22 05:00:00+00:00,484.005,485.22,482.825,483.45,1009769.0,10771.0,483.975159
2024-01-23 05:00:00+00:00,484.02,485.1,482.905,484.82,912754.0,8772.0,484.055171
2024-01-24 05:00:00+00:00,487.81,488.77,485.02,485.42,1099865.0,10679.0,487.037387
2024-01-25 05:00:00+00:00,487.48,488.295,485.39,488.02,1336392.0,10308.0,487.192415
2024-01-26 05:00:00+00:00,487.535,489.11,486.61,487.47,966297.0,10134.0,487.743216
2024-01-29 05:00:00+00:00,487.7,491.41,487.17,491.25,933376.0,10629.0,489.004238
2024-01-30 05:00:00+00:00,490.67,491.59,490.14,490.9,856429.0,10725.0,490.937553
2024-01-31 05:00:00+00:00,488.44,489.08,482.955,482.955,1912371.0,13612.0,485.740471
2024-02-01 05:00:00+00:00,484.73,489.22,483.8,489.22,1648140.0,12764.0,487.202054
2024-02-02 05:00:00+00:00,489.66,496.04,489.34,494.29,1267077.0,11890.0,493.143008
2024-02-05 05:00:00+00:00,493.69,494.12,490.32,492.555,1002851.0,11029.0,492.561184
2024-02-06 05:00:00+00:00,493.52,494.315,492.08,493.99,779463.0,7965.0,493.008892
2024-02-07 05:00:00+00:00,496.275,498.53,495.38,498.03,1233471.0,11049.0,497.493948
2024-02-08 05:00:00+00:00,498.16,498.69,497.31,498.47,860289.0,9408.0,498.030255
2024-02-09 05:00:00+00:00,498.85,501.65,498.53,501.09,1113952.0,11752.0,500.339487
2024-02-12 05:00:00+00:00,501.23,503.49,500.24,500.99,965643.0,10162.0,501.736965
2024-02-13 05:00:00+00:00,494.335,495.85,490.715,494.16,2319364.0,18604.0,493.068918
2024-02-14 05:00:00+00:00,496.78,499.065,494.425,498.62,1543742.0,11849.0,496.99965
2024-02-15 05:00:00+00:00,499.3,502.19,498.8,501.97,1003136.0,11695.0,500.787537
2024-02-16 05:00:00+00:00,501.715,502.85,498.98,499.57,1077734.0,10356.0,500.984264
2024-02-20 05:00:00+00:00,497.735,498.36,494.5,496.745,1354728.0,12279.0,496.149154
2024-02-21 05:00:00+00:00,495.355,497.37,493.57,497.24,879558.0,8690.0,495.322389
2024-02-22 05:00:00+00:00,504.02,508.485,503.02,507.48,1707191.0,15324.0,506.67913
2024-02-23 05:00:00+00:00,509.26,510.1,507.1,507.82,1162330.0,11848.0,508.576856
2024-02-26 05:00:00+00:00,508.29,508.73,505.86,505.86,871019.0,9768.0,507.143258
2024-02-27 05:00:00+00:00,506.7,507.15,504.86,506.95,661238.0,9674.0,506.090328
2024-02-28 05:00:00+00:00,505.355,506.855,504.98,506.13,1070216.0,10265.0,505.945362
2024-02-29 05:00:00+00:00,508.065,509.74,505.405,508.15,1115835.0,10485.0,508.004602
2024-03-01 05:00:00+00:00,508.975,513.27,508.6,512.93,1239371.0,13950.0,511.677205
2024-03-04 05:00:00+00:00,512.19,514.17,512.0,512.34,1196469.0,10602.0,512.744439
2024-03-05 05:00:00+00:00,510.225,510.7,504.92,507.12,1569486.0,11822.0,506.85853
2024-03-06 05:00:00+00:00,510.64,512.05,508.47,509.73,815242.0,9433.0,510.243585
2024-03-07 05:00:00+00:00,513.14,515.86,512.27,515.12,757973.0,8943.0,514.611056
2024-03-08 05:00:00+00:00,515.51,518.18,511.135,511.72,1006823.0,9180.0,513.999052
2024-03-11 04:00:00+00:00,510.395,511.83,508.53,511.26,700316.0,8206.0,510.514721
2024-03-12 04:00:00+00:00,513.43,517.37,510.865,516.77,1093781.0,10154.0,515.379252
2024-03-13 04:00:00+00:00,517.04,517.26,514.52,515.97,703671.0,8836.0,516.248633
2024-03-14 04:00:00+00:00,516.96,517.12,511.82,514.86,1294366.0,12165.0,513.906806
2024-03-15 04:00:00+00:00,510.07,511.665,508.37,509.83,943977.0,11648.0,509.784482
2024-03-18 04:00:00+00:00,513.26,515.43,512.45,512.9,933941.0,9890.0,513.837567
2024-03-19 04:00:00+00:00,512.155,515.98,511.16,515.79,698881.0,9337.0,513.957344
2024-03-20 04:00:00+00:00,515.765,520.565,515.13,520.52,986352.0,11155.0,517.805663
2024-03-21 04:00:00+00:00,523.49,524.1,521.94,522.08,817329.0,12586.0,523.132588
2024-03-22 04:00:00+00:00,522.14,522.59,520.98,521.4,736691.0,11258.0,521.833956
2024-03-25 04:00:00+00:00,519.785,520.93,519.63,519.88,719998.0,9539.0,520.388992
2024-03-26 04:00:00+00:00,521.14,521.56,518.45,518.72,856545.0,9308.0,520.302604
2024-03-27 04:00:00+00:00,521.72,523.11,519.485,523.08,872582.0,9527.0,520.96525
2024-03-28 04:00:00+00:00,523.25,524.6,522.78,523.135,1017125.0,9999.0,523.619763
2024-04-01 04:00:00+00:00,523.71,524.37,521.005,522.21,714088.0,8874.0,522.441662
2024-04-02 04:00:00+00:00,518.13,518.965,516.51,518.9,815648.0,9657.0,517.893794
2024-04-03 04:00:00+00:00,517.705,520.935,517.67,519.54,634103.0,8370.0,519.798728
2024-04-04 04:00:00+00:00,523.63,523.85,512.76,513.12,1038338.0,11181.0,517.880708
2024-04-05 04:00:00+00:00,514.07,520.41,514.05,518.54,854635.0,7526.0,517.981894
2024-04-08 04:00:00+00:00,519.24,520.14,517.95,518.65,475966.0,6562.0,518.970579
2024-04-09 04:00:00+00:00,520.555,520.675,514.355,519.34,689958.0,7052.0,517.028404
2024-04-10 04:00:00+00:00,513.43,516.135,512.09,514.195,900552.0,10302.0,513.971684
2024-04-11 04:00:00+00:00,515.68,519.48,512.13,518.05,769777.0,8339.0,516.686385
2024-04-12 04:00:00+00:00,514.38,515.75,509.16,510.88,1054092.0,11492.0,511.462078
2024-04-15 04:00:00+00:00,515.21,515.3,503.595,504.52,1127351.0,11968.0,508.750183
2024-04-16 04:00:00+00:00,504.81,506.49,502.26,503.41,880401.0,10975.0,504.24646
2024-04-17 04:00:00+00:00,506.08,506.2,499.12,500.52,833510.0,9993.0,502.010218
2024-04-18 04:00:00+00:00,501.85,504.1,498.57,499.42,745224.0,8605.0,500.865351
2024-04-19 04:00:00+00:00,499.44,500.45,493.87,495.185,1039006.0,9533.0,496.979368
2024-04-22 04:00:00+00:00,497.85,502.36,495.45,499.54,809102.0,10252.0,498.885234
2024-04-23 04:00:00+00:00,501.86,506.05,501.255,505.5,725640.0,8686.0,504.592071
2024-04-24 04:00:00+00:00,506.54,507.34,503.135,505.66,547706.0,6557.0,505.376046
2024-04-25 04:00:00+00:00,499.1,504.25,497.54,503.53,904077.0,9130.0,500.70525
2024-04-26 04:00:00+00:00,506.42,509.88,505.75,508.195,585586.0,7806.0,508.514762
2024-04-29 04:00:00+00:00,510.26,510.735,507.34,510.07,452174.0,5652.0,509.458309
2024-04-30 04:00:00+00:00,508.33,509.52,502.07,502.26,745133.0,9620.0,505.828633
2024-05-01 04:00:00+00:00,501.38,508.17,499.89,500.11,955301.0,8768.0,502.340416
2024-05-02 04:00:00+00:00,504.155,505.86,499.6,505.03,523585.0,6128.0,503.627361
2024-05-03 04:00:00+00:00,511.16,512.54,508.595,511.25,753740.0,8714.0,510.911453
2024-05-06 04:00:00+00:00,513.775,516.59,513.3,516.54,821251.0,11145.0,514.810752
2024-05-07 04:00:00+00:00,517.55,518.56,516.47,517.255,860251.0,9188.0,517.566292
2024-05-08 04:00:00+00:00,515.625,517.69,515.33,517.2,446623.0,5166.0,517.026591
2024-05-09 04:00:00+00:00,517.435,520.195,516.715,520.16,795874.0,7214.0,519.146958
2024-05-10 04:00:00+00:00,521.8,522.62,519.67,520.81,696594.0,8472.0,521.010335
2024-05-13 04:00:00+00:00,522.615,522.615,519.77,520.925,565826.0,6999.0,521.103129
2024-05-14 04:00:00+00:00,521.185,523.83,520.615,523.275,714836.0,6851.0,522.279787
2024-05-15 04:00:00+00:00,525.77,530.07,525.22,529.8,869966.0,8491.0,528.452649
2024-05-16 04:00:00+00:00,529.88,531.445,528.55,528.83,672098.0,6727.0,529.932199
2024-05-17 04:00:00+00:00,528.93,529.51,527.395,529.51,668182.0,5921.0,528.970401
2024-05-20 04:00:00+00:00,529.56,531.56,529.17,530.05,722515.0,6462.0,530.275164
2024-05-21 04:00:00+00:00,529.31,531.5,529.15,531.34,634889.0,6538.0,530.550214
2024-05-22 04:00:00+00:00,530.71,531.34,527.6,529.8,540069.0,5143.0,529.770338
2024-05-23 04:00:00+00:00,532.96,533.04,524.78,525.96,837318.0,6960.0,528.293127
2024-05-24 04:00:00+00:00,527.87,530.24,526.89,529.46,652720.0,5599.0,528.926177
2024-05-28 04:00:00+00:00,530.32,530.51,527.11,529.88,743236.0,8020.0,529.243497
2024-05-29 04:00:00+00:00,525.63,527.3,525.435,526.12,746282.0,6737.0,526.304217
2024-05-30 04:00:00+00:00,524.31,525.2,521.345,522.65,825534.0,8155.0,523.413679
2024-05-31 04:00:00+00:00,523.63,527.45,518.44,527.335,1409524.0,7544.0,523.943444
2024-06-03 04:00:00+00:00,529.05,529.15,522.695,527.77,591461.0,5360.0,526.818079
2024-06-04 04:00:00+00:00,526.545,529.125,524.97,528.35,566637.0,5715.0,526.9599
2024-06-05 04:00:00+00:00,530.79,534.665,528.84,534.65,842379.0,8644.0,532.274001
2024-06-06 04:00:00+00:00,534.9,535.405,532.7,534.63,658256.0,6670.0,534.328983
2024-06-07 04:00:00+00:00,533.3,536.86,532.56,534.01,625522.0,6463.0,534.897116
2024-06-10 04:00:00+00:00,533.25,535.94,532.615,535.705,837823.0,6619.0,534.774286
2024-06-11 04:00:00+00:00,534.08,537.01,532.125,537.01,492135.0,8963.0,534.646427
2024-06-12 04:00:00+00:00,541.625,544.03,540.36,541.28,866073.0,9219.0,542.371259
2024-06-13 04:00:00+00:00,543.12,543.3,539.71,542.35,632544.0,8225.0,541.951625
2024-06-14 04:00:00+00:00,540.89,542.79,539.87,542.79,609688.0,6448.0,541.575829
2024-06-17 04:00:00+00:00,542.075,548.41,541.61,547.05,712017.0,8030.0,545.857116
2024-06-18 04:00:00+00:00,547.14,548.54,546.755,548.48,566922.0,9292.0,547.930135
2024-06-20 04:00:00+00:00,549.425,550.11,545.23,547.03,918152.0,10386.0,547.461215
2024-06-21 04:00:00+00:00,544.36,545.63,543.05,544.09,1055859.0,9804.0,544.448497
2024-06-24 04:00:00+00:00,544.37,546.94,542.65,542.71,792068.0,6959.0,544.655647
2024-06-25 04:00:00+00:00,543.77,545.2,542.505,544.775,414830.0,5109.0,544.30282
2024-06-26 04:00:00+00:00,543.635,546.22,543.21,545.585,341132.0,4336.0,544.794282
2024-06-27 04:00:00+00:00,545.55,546.805,544.635,546.37,375022.0,4802.0,545.784329
2024-06-28 04:00:00+00:00,547.105,550.26,543.015,544.11,1011331.0,8274.0,546.478026
2024-07-01 04:00:00+00:00,545.54,545.87,542.53,545.2,704770.0,6235.0,544.755611
2024-07-02 04:00:00+00:00,543.74,548.97,543.685,548.97,365169.0,5532.0,547.162376
2024-07-03 04:00:00+00:00,548.84,551.825,548.83,551.24,557810.0,6712.0,550.416806
2024-07-05 04:00:00+00:00,551.77,555.045,551.28,554.725,438956.0,5833.0,553.752247
2024-07-08 04:00:00+00:00,555.35,556.23,554.25,555.245,516316.0,7778.0,555.138286
2024-07-09 04:00:00+00:00,556.355,557.125,555.54,555.87,403756.0,5292.0,556.099075
2024-07-10 04:00:00+00:00,557.13,561.665,556.795,561.24,566521.0,5946.0,559.48764
2024-07-11 04:00:00+00:00,561.43,562.3,555.85,556.42,902603.0,10385.0,557.962106
2024-07-12 04:00:00+00:00,557.61,563.64,557.17,559.91,672739.0,7861.0,560.682646
2024-07-15 04:00:00+00:00,562.18,564.755,559.64,561.52,583915.0,5650.0,562.03905
2024-07-16 04:00:00+00:00,562.96,565.145,562.12,564.83,506481.0,6629.0,563.739645
2024-07-17 04:00:00+00:00,559.01,560.48,556.62,557.065,982486.0,10188.0,558.060354
2024-07-18 04:00:00+00:00,558.61,559.5,550.555,552.8,912544.0,9201.0,554.574244
2024-07-19 04:00:00+00:00,552.375,553.99,547.955,548.94,1017532.0,9352.0,549.791473
2024-07-22 04:00:00+00:00,552.97,555.26,551.17,554.65,573487.0,6458.0,553.617686
2024-07-23 04:00:00+00:00,554.685,556.605,553.295,553.69,372009.0,4133.0,555.088038
2024-07-24 04:00:00+00:00,548.8,549.17,540.445,541.21,1116332.0,8967.0,543.636609
2024-07-25 04:00:00+00:00,541.32,547.445,537.455,538.39,1014214.0,11043.0,541.591299
2024-07-26 04:00:00+00:00,542.37,547.18,541.49,544.345,678034.0,6370.0,543.818921
2024-07-29 04:00:00+00:00,546.17,547.05,542.96,544.91,551816.0,6362.0,545.277089
2024-07-30 04:00:00+00:00,546.25,547.33,538.54,541.97,744722.0,9748.0,542.360912
2024-07-31 04:00:00+00:00,549.16,553.43,547.635,550.37,993224.0,9235.0,550.552186
2024-08-01 04:00:00+00:00,552.59,554.8,539.46,543.18,1145235.0,10917.0,544.246073
2024-08-02 04:00:00+00:00,535.75,536.92,528.6,532.92,1236956.0,11702.0,531.710732
2024-08-05 04:00:00+00:00,511.49,523.47,510.305,517.4,1484386.0,14719.0,516.908971
2024-08-06 04:00:00+00:00,519.56,529.665,517.99,522.07,774935.0,8764.0,524.442985
2024-08-07 04:00:00+00:00,528.54,531.565,518.06,518.635,769811.0,7267.0,523.390843
2024-08-08 04:00:00+00:00,523.98,531.29,521.895,530.61,869810.0,8462.0,528.694271
2024-08-09 04:00:00+00:00,529.815,534.45,528.565,532.92,463391.0,5238.0,531.765237
2024-08-12 04:00:00+00:00,534.32,535.68,531.04,533.29,512980.0,5179.0,533.222512
2024-08-13 04:00:00+00:00,536.585,542.28,536.28,541.99,859713.0,8303.0,540.044853
2024-08-14 04:00:00+00:00,542.95,544.94,540.19,543.78,627760.0,5216.0,543.10347
2024-08-15 04:00:00+00:00,549.76,553.34,548.915,552.97,1054828.0,9596.0,551.672144
2024-08-16 04:00:00+00:00,551.36,555.02,551.36,554.22,497168.0,6423.0,553.442845
2024-08-19 04:00:00+00:00,554.75,559.55,553.92,559.49,632519.0,7783.0,557.296514
2024-08-20 04:00:00+00:00,559.16,560.815,557.325,558.65,563025.0,5890.0,558.818085
2024-08-21 04:00:00+00:00,559.765,562.105,558.04,560.64,638108.0,7003.0,560.148394
2024-08-22 04:00:00+00:00,562.56,563.14,555.0,556.26,847928.0,7174.0,557.809175
2024-08-23 04:00:00+00:00,559.59,563.09,557.36,562.09,698159.0,7055.0,560.79432
2024-08-26 04:00:00+00:00,563.43,563.9,559.06,560.78,712177.0,9364.0,561.054464
2024-08-27 04:00:00+00:00,559.46,562.04,558.33,561.565,474357.0,6680.0,560.903613
2024-08-28 04:00:00+00:00,561.195,561.62,555.09,558.35,626457.0,9851.0,558.420335
2024-08-29 04:00:00+00:00,560.27,563.65,557.21,558.31,673660.0,6392.0,560.320397
2024-08-30 04:00:00+00:00,560.64,564.19,557.185,563.57,944527.0,7179.0,560.682591
2024-09-03 04:00:00+00:00,560.475,560.75,549.54,552.16,812721.0,11072.0,554.339723
2024-09-04 04:00:00+00:00,550.06,554.43,549.47,550.83,857093.0,13026.0,551.583387
2024-09-05 04:00:00+00:00,551.0,553.75,547.13,549.44,681939.0,11541.0,549.971527
2024-09-06 04:00:00+00:00,550.005,551.57,539.465,540.46,1096849.0,13464.0,542.647423
2024-09-09 04:00:00+00:00,544.68,547.71,542.71,546.44,664187.0,11028.0,545.476263
2024-09-10 04:00:00+00:00,548.365,549.15,543.47,548.76,819534.0,10519.0,547.188753
2024-09-11 04:00:00+00:00,548.69,555.36,539.99,554.23,1231712.0,12153.0,547.508371
2024-09-12 04:00:00+00:00,555.085,559.36,552.81,559.06,940507.0,10617.0,557.141337
2024-09-13 04:00:00+00:00,559.71,563.01,559.46,561.89,756298.0,9168.0,561.573312
2024-09-16 04:00:00+00:00,561.79,563.09,559.94,562.87,488997.0,8697.0,561.911383
2024-09-17 04:00:00+00:00,565.11,566.5,560.795,563.15,756844.0,9267.0,563.671058
2024-09-18 04:00:00+00:00,563.71,568.63,560.88,561.39,654172.0,9174.0,563.726851
2024-09-19 04:00:00+00:00,571.04,572.835,568.125,570.99,1040119.0,10807.0,570.939021
2024-09-20 04:00:00+00:00,567.86,569.29,565.23,568.03,1151421.0,11464.0,567.471501
2024-09-23 04:00:00+00:00,569.27,570.29,568.1,569.6,504547.0,7499.0,569.326652
2024-09-24 04:00:00+00:00,570.48,571.34,567.64,571.24,698992.0,8196.0,570.241902
2024-09-25 04:00:00+00:00,571.145,571.89,568.99,569.985,558329.0,6951.0,570.243575
2024-09-26 04:00:00+00:00,574.58,574.69,569.935,572.17,643492.0,8013.0,572.330379
2024-09-27 04:00:00+00:00,573.5,574.2,570.59,571.4,633680.0,7980.0,572.26133
2024-09-30 04:00:00+00:00,570.505,574.38,568.23,574.045,816468.0,9337.0,571.983659
2024-10-01 04:00:00+00:00,573.435,573.435,566.03,568.61,1049644.0,10281.0,568.434605
2024-10-02 04:00:00+00:00,567.71,569.88,565.27,568.83,397194.0,4944.0,568.26691
2024-10-03 04:00:00+00:00,567.38,569.78,565.49,567.76,751132.0,9491.0,567.427234
2024-10-04 04:00:00+00:00,572.35,573.36,568.2,572.935,677404.0,8274.0,570.944972
2024-10-07 04:00:00+00:00,571.26,571.91,566.69,567.8,622312.0,7651.0,569.304905
2024-10-08 04:00:00+00:00,570.41,573.78,569.55,573.19,654089.0,8028.0,571.871177
2024-10-09 04:00:00+00:00,573.16,577.69,572.6,577.07,564712.0,7012.0,575.916873
2024-10-10 04:00:00+00:00,575.72,577.54,574.51,576.2,623045.0,6854.0,575.916122
2024-10-11 04:00:00+00:00,575.955,580.3,575.955,579.6,521282.0,6827.0,579.015141
2024-10-14 04:00:00+00:00,581.215,585.27,580.73,584.31,592179.0,6616.0,583.815566
2024-10-15 04:00:00+00:00,584.64,584.83,578.55,579.92,820884.0,9195.0,581.098735
2024-10-16 04:00:00+00:00,579.785,582.79,579.01,582.27,439136.0,5435.0,580.934094
2024-10-17 04:00:00+00:00,585.93,586.09,582.16,582.32,565059.0,7213.0,583.532015
2024-10-18 04:00:00+00:00,584.09,585.36,582.64,584.6,538888.0,7103.0,584.121722
2024-10-21 04:00:00+00:00,583.91,584.79,580.68,583.72,561603.0,7315.0,582.876245
2024-10-22 04:00:00+00:00,581.05,584.49,580.44,583.33,354662.0,5514.0,582.617483
2024-10-23 04:00:00+00:00,581.32,581.665,574.48,578.04,752782.0,10080.0,578.290833
2024-10-24 04:00:00+00:00,580.02,580.05,576.62,579.23,663254.0,9148.0,578.924044
2024-10-25 04:00:00+00:00,581.595,584.44,578.14,579.01,773465.0,8893.0,580.948708
2024-10-28 04:00:00+00:00,582.62,582.62,580.54,580.77,643201.0,8096.0,581.370016
2024-10-29 04:00:00+00:00,579.865,582.905,578.435,581.7,802413.0,9875.0,581.271934
2024-10-30 04:00:00+00:00,581.295,583.31,579.33,579.97,844091.0,9398.0,580.892137
2024-10-31 04:00:00+00:00,575.5,575.53,568.46,568.46,1253356.0,15239.0,571.597116
2024-11-01 04:00:00+00:00,571.26,575.5,570.635,571.03,825087.0,9741.0,572.52614
2024-11-04 05:00:00+00:00,571.17,572.49,567.91,569.78,701018.0,8719.0,570.388655
2024-11-05 05:00:00+00:00,570.68,576.7,570.53,576.69,766644.0,9120.0,575.068871
2024-11-06 05:00:00+00:00,589.22,591.93,585.46,591.01,1350029.0,16676.0,589.325406
2024-11-07 05:00:00+00:00,593.21,596.65,593.02,595.75,931015.0,10900.0,595.02051
2024-11-08 05:00:00+00:00,596.26,599.595,596.26,598.25,754842.0,10090.0,597.909095
2024-11-11 05:00:00+00:00,599.91,600.14,597.02,598.81,869569.0,8777.0,598.724852
2024-11-12 05:00:00+00:00,598.65,599.285,594.42,596.915,758918.0,10156.0,597.375272
2024-11-13 05:00:00+00:00,597.41,599.17,595.01,597.22,932260.0,11022.0,597.635103
2024-11-14 05:00:00+00:00,597.38,597.81,592.71,593.42,608776.0,7257.0,594.724123
2024-11-15 05:00:00+00:00,589.72,590.17,583.88,585.74,954365.0,13600.0,586.06537
2024-11-18 05:00:00+00:00,585.95,589.465,585.37,588.21,637963.0,8422.0,587.813561
2024-11-19 05:00:00+00:00,584.74,591.01,584.06,590.19,592020.0,8611.0,588.507117
2024-11-20 05:00:00+00:00,590.44,590.76,584.705,590.49,748523.0,10458.0,587.981572
2024-11-21 05:00:00+00:00,593.4,595.1,587.52,593.665,747147.0,9180.0,592.335326
2024-11-22 05:00:00+00:00,593.69,596.09,593.185,595.5,674357.0,10554.0,595.064086
2024-11-25 05:00:00+00:00,599.49,600.76,595.25,597.49,736572.0,10607.0,597.86448
2024-11-26 05:00:00+00:00,598.815,601.29,598.08,600.725,720718.0,9804.0,599.961859
2024-11-27 05:00:00+00:00,600.5,600.815,597.32,598.68,534416.0,8580.0,598.934926
2024-11-29 05:00:00+00:00,599.64,603.34,599.47,602.49,483126.0,5721.0,602.121428
2024-12-02 05:00:00+00:00,602.995,604.3,602.48,603.67,510225.0,8140.0,603.489582
2024-12-03 05:00:00+00:00,603.45,604.15,602.38,603.87,595330.0,8042.0,603.485535
2024-12-04 05:00:00+00:00,605.74,607.84,604.98,607.62,692429.0,8718.0,606.802771
2024-12-05 05:00:00+00:00,607.655,608.45,606.305,606.69,849183.0,11237.0,607.221494
2024-12-06 05:00:00+00:00,607.47,609.05,607.02,607.89,734753.0,9259.0,607.827239
2024-12-09 05:00:00+00:00,607.59,607.84,604.09,604.65,1070578.0,10398.0,605.371314
2024-12-10 05:00:00+00:00,605.36,605.68,602.16,602.9,866800.0,10410.0,603.879523
2024-12-11 05:00:00+00:00,605.77,608.395,605.58,607.57,731222.0,10021.0,607.433845
2024-12-12 05:00:00+00:00,606.59,607.15,604.39,604.39,758423.0,9024.0,605.70334
2024-12-13 05:00:00+00:00,606.35,607.085,602.83,604.26,696804.0,10429.0,604.48319
2024-12-16 05:00:00+00:00,606.0,607.775,605.255,606.84,855514.0,9816.0,606.935537
2024-12-17 05:00:00+00:00,604.18,605.16,602.89,604.24,1134815.0,12802.0,603.998169
2024-12-18 05:00:00+00:00,603.975,606.39,585.9,586.395,1561527.0,15357.0,596.115167
2024-12-19 05:00:00+00:00,591.355,593.0,585.965,586.12,1310529.0,17050.0,588.998458
2024-12-20 05:00:00+00:00,581.77,595.72,580.94,590.93,1741089.0,17445.0,590.208456
2024-12-23 05:00:00+00:00,590.935,591.77,587.76,589.06,94006.0,1107.0,590.47386
2024-12-24 05:00:00+00:00,596.11,601.32,595.51,601.14,349441.0,4923.0,599.18079
2024-12-26 05:00:00+00:00,599.465,602.46,598.13,601.165,479114.0,5908.0,600.818308
2024-12-27 05:00:00+00:00,597.47,597.705,590.83,594.99,1148065.0,12564.0,593.966551
2024-12-30 05:00:00+00:00,587.97,591.71,584.45,588.25,679803.0,9345.0,588.200861
2024-12-31 05:00:00+00:00,589.99,590.62,584.45,586.07,1216032.0,11009.0,586.720937
2025-01-02 05:00:00+00:00,589.39,591.09,580.51,584.62,744108.0,10471.0,585.338555
2025-01-03 05:00:00+00:00,587.54,592.58,586.54,591.94,596181.0,9316.0,590.198156
2025-01-06 05:00:00+00:00,595.955,599.69,593.72,595.42,787134.0,9678.0,596.86726
2025-01-07 05:00:00+00:00,597.435,597.72,586.79,588.73,924580.0,10646.0,590.845286
2025-01-08 05:00:00+00:00,588.68,590.54,585.195,589.34,735512.0,8774.0,588.271791
2025-01-10 05:00:00+00:00,585.87,585.87,578.57,580.49,1016306.0,12927.0,581.278629
2025-01-13 05:00:00+00:00,575.76,581.72,575.48,581.41,717379.0,9677.0,578.788526
2025-01-14 05:00:00+00:00,584.34,584.99,578.4,582.2,911647.0,10642.0,581.789394
2025-01-15 05:00:00+00:00,590.57,593.94,589.25,592.75,1059949.0,15010.0,592.173825
2025-01-16 05:00:00+00:00,594.06,594.34,590.93,591.7,726295.0,10452.0,592.757382
2025-01-17 05:00:00+00:00,596.95,599.345,595.725,597.64,822039.0,10094.0,597.87712
2025-01-21 05:00:00+00:00,600.79,602.97,598.72,602.92,668452.0,11040.0,601.614281
2025-01-22 05:00:00+00:00,605.93,607.82,605.37,606.33,806468.0,9599.0,606.829146
2025-01-23 05:00:00+00:00,605.79,609.63,605.555,609.63,678720.0,9904.0,607.499805
2025-01-24 05:00:00+00:00,609.795,610.77,606.82,607.92,736956.0,13430.0,608.738281
2025-01-27 05:00:00+00:00,594.82,599.64,594.68,599.49,1204513.0,13859.0,597.884144
2025-01-28 05:00:00+00:00,600.71,605.37,597.36,604.5,836062.0,11514.0,602.950765
2025-01-29 05:00:00+00:00,603.715,604.1,599.27,601.82,693842.0,9463.0,602.186404
2025-01-30 05:00:00+00:00,604.035,606.59,600.81,604.78,884764.0,10275.0,603.968397
2025-01-31 05:00:00+00:00,607.5,609.945,601.075,601.785,1086481.0,14139.0,605.4861
2025-02-03 05:00:00+00:00,592.51,600.28,590.49,597.7,1473509.0,19408.0,596.297194
2025-02-04 05:00:00+00:00,597.635,602.26,597.31,601.74,760544.0,9377.0,600.798092
2025-02-05 05:00:00+00:00,600.625,604.36,598.635,604.14,735756.0,9315.0,602.046531
2025-02-06 05:00:00+00:00,605.99,606.42,602.63,606.24,683777.0,8399.0,605.185607
2025-02-07 05:00:00+00:00,606.84,608.095,600.095,600.825,685825.0,11211.0,603.230593
2025-02-10 05:00:00+00:00,604.02,605.49,602.74,604.84,541655.0,8311.0,604.437385
2025-02-11 05:00:00+00:00,602.56,605.85,602.47,605.23,634394.0,10230.0,604.469423
2025-02-12 05:00:00+00:00,599.215,604.53,598.53,603.28,877172.0,11767.0,602.330644
2025-02-13 05:00:00+00:00,604.49,609.93,603.24,609.69,798986.0,10316.0,607.455113
2025-02-14 05:00:00+00:00,609.94,610.98,609.08,609.57,667639.0,8997.0,610.149625
2025-02-18 05:00:00+00:00,610.885,611.36,608.415,611.36,555308.0,9535.0,610.035361
2025-02-19 05:00:00+00:00,610.055,613.22,609.59,612.94,671686.0,8670.0,611.642143
2025-02-20 05:00:00+00:00,611.54,611.64,607.07,610.41,733951.0,9270.0,609.105819
2025-02-21 05:00:00+00:00,610.21,610.21,599.49,600.02,1223794.0,15934.0,603.022571
2025-02-24 05:00:00+00:00,602.015,603.0,596.5,597.22,1180194.0,12519.0,599.114971
2025-02-25 05:00:00+00:00,597.13,597.86,589.6,594.31,1368586.0,16633.0,593.554161
2025-02-26 05:00:00+00:00,596.02,599.53,591.9,594.49,1049865.0,12037.0,595.673202
2025-02-27 05:00:00+00:00,596.88,597.99,584.655,585.03,1335087.0,14128.0,590.450876
2025-02-28 05:00:00+00:00,585.36,594.71,582.46,593.895,1490853.0,17515.0,587.735741
2025-03-03 05:00:00+00:00,596.18,597.325,579.92,583.94,2034081.0,26996.0,587.625819
2025-03-04 05:00:00+00:00,579.71,585.36,572.25,576.88,2371305.0,24611.0,577.75374
2025-03-05 05:00:00+00:00,576.65,584.85,573.13,583.02,1211279.0,16635.0,579.807007
2025-03-06 05:00:00+00:00,575.485,580.105,570.13,572.73,1476769.0,18543.0,573.935449
2025-03-07 05:00:00+00:00,570.905,577.36,565.665,575.76,1350334.0,14861.0,572.025943
2025-03-10 04:00:00+00:00,567.59,569.53,555.645,560.81,1820742.0,18059.0,562.369698
2025-03-11 04:00:00+00:00,559.27,562.84,552.1,556.08,1587148.0,17120.0,557.594089
2025-03-12 04:00:00+00:00,562.19,563.065,553.74,558.92,1132263.0,10816.0,558.980394
2025-03-13 04:00:00+00:00,558.395,559.025,549.76,551.6,1018954.0,12524.0,553.360502
2025-03-14 04:00:00+00:00,556.13,563.815,555.62,562.78,1296759.0,13257.0,560.754868
2025-03-17 04:00:00+00:00,562.815,569.695,562.43,567.02,1140417.0,11664.0,566.590675
2025-03-18 04:00:00+00:00,564.79,564.79,559.1,560.92,984856.0,9902.0,560.932797
2025-03-19 04:00:00+00:00,562.83,570.88,561.64,567.0,1007580.0,13448.0,566.053795
2025-03-20 04:00:00+00:00,563.135,570.55,562.69,565.69,774123.0,10030.0,566.592839
2025-03-21 04:00:00+00:00,559.21,564.855,558.08,564.17,924605.0,10074.0,561.521651
2025-03-24 04:00:00+00:00,570.76,575.125,570.29,574.02,1028407.0,13422.0,573.2344
2025-03-25 04:00:00+00:00,575.4,576.35,573.73,575.405,674306.0,9745.0,574.896227
2025-03-26 04:00:00+00:00,575.205,576.21,567.205,568.75,831506.0,10461.0,570.468085
2025-03-27 04:00:00+00:00,567.185,570.89,565.01,567.03,1047705.0,11586.0,568.276128
2025-03-28 04:00:00+00:00,565.375,566.26,555.09,555.7,1260717.0,14412.0,558.322727
2025-03-31 04:00:00+00:00,549.83,560.69,546.95,559.26,1468993.0,15826.0,554.72645
2025-04-01 04:00:00+00:00,557.45,562.88,553.69,561.1,1076799.0,11997.0,558.952472
2025-04-02 04:00:00+00:00,555.08,567.37,554.845,564.63,1048952.0,10202.0,562.965073
2025-04-03 04:00:00+00:00,545.13,547.95,536.91,537.3,2350996.0,23287.0,541.577054
2025-04-04 04:00:00+00:00,523.64,525.86,505.08,505.93,3094459.0,25037.0,514.234989
2025-04-07 04:00:00+00:00,489.14,523.04,481.83,504.45,3577704.0,29958.0,502.393092
2025-04-08 04:00:00+00:00,521.95,524.98,489.28,496.6,3104777.0,26279.0,506.875167
2025-04-09 04:00:00+00:00,494.72,546.28,493.08,542.955,3649876.0,27371.0,525.441178
2025-04-10 04:00:00+00:00,532.18,533.26,509.77,524.63,2645963.0,19733.0,523.027348
2025-04-11 04:00:00+00:00,522.99,536.42,520.07,534.0,1427501.0,11758.0,529.73286
2025-04-14 04:00:00+00:00,544.055,544.055,533.95,538.98,1116526.0,10147.0,539.867146
2025-04-15 04:00:00+00:00,539.67,543.19,536.89,537.64,902820.0,11710.0,539.564385
2025-04-16 04:00:00+00:00,531.645,535.07,520.32,525.73,1548125.0,16333.0,527.225651
2025-04-17 04:00:00+00:00,527.53,531.15,523.93,526.34,1001155.0,14915.0,527.6155
2025-04-21 04:00:00+00:00,521.19,521.64,508.46,513.96,1160426.0,13331.0,512.86502
2025-04-22 04:00:00+00:00,520.18,529.305,519.2,526.95,1403050.0,13483.0,525.161653
2025-04-23 04:00:00+00:00,540.45,545.29,533.9,535.29,1389218.0,14879.0,539.313137
2025-04-24 04:00:00+00:00,536.69,547.2,535.6,546.44,1150893.0,12555.0,543.993435
2025-04-25 04:00:00+00:00,547.32,550.98,543.78,550.55,1160843.0,12406.0,548.483136
2025-04-28 04:00:00+00:00,551.26,553.535,545.09,551.07,775242.0,7432.0,549.610093
2025-04-29 04:00:00+00:00,548.89,555.405,548.89,554.09,818179.0,9673.0,553.183388
2025-04-30 04:00:00+00:00,547.53,556.42,541.53,554.02,1219007.0,12860.0,549.27159
2025-05-01 04:00:00+00:00,560.41,563.995,557.88,558.4,945185.0,9084.0,561.000277
2025-05-02 04:00:00+00:00,564.74,568.35,562.4,566.56,1220035.0,11405.0,566.463486
2025-05-05 04:00:00+00:00,562.6,566.65,561.74,563.57,817825.0,9094.0,564.277206
2025-05-06 04:00:00+00:00,557.935,563.32,556.98,558.73,916763.0,9347.0,560.023582
2025-05-07 04:00:00+00:00,560.2,563.77,556.05,561.19,1044086.0,10339.0,560.180188
2025-05-08 04:00:00+00:00,565.28,570.29,561.72,564.97,1328826.0,14560.0,566.660491
2025-05-09 04:00:00+00:00,566.49,567.455,562.87,564.14,592738.0,6961.0,564.631658
2025-05-12 04:00:00+00:00,581.475,583.0,577.12,582.93,1353696.0,16592.0,580.501819
2025-05-13 04:00:00+00:00,583.46,589.04,582.905,586.76,888874.0,11094.0,587.210358
2025-05-14 04:00:00+00:00,587.83,588.965,585.545,587.45,974895.0,14301.0,587.354659
2025-05-15 04:00:00+00:00,585.58,590.94,585.1,590.41,1140264.0,12278.0,588.059693
2025-05-16 04:00:00+00:00,591.27,594.45,589.31,594.28,803596.0,8718.0,592.268351
2025-05-19 04:00:00+00:00,588.15,595.53,588.15,594.88,786544.0,8899.0,593.158915
2025-05-20 04:00:00+00:00,593.105,594.005,589.62,592.88,788847.0,10333.0,592.294967
2025-05-21 04:00:00+00:00,588.58,592.55,581.865,582.96,1970872.0,22679.0,586.668831
2025-05-22 04:00:00+00:00,582.655,586.61,581.49,583.06,1505879.0,17897.0,584.010567
2025-05-23 04:00:00+00:00,575.87,581.77,575.65,579.2,1589824.0,20157.0,578.709075
2025-05-27 04:00:00+00:00,586.09,591.29,584.47,591.06,1414236.0,16279.0,589.10183
2025-05-28 04:00:00+00:00,591.575,592.76,587.0,587.8,1125721.0,12496.0,589.695169
2025-05-29 04:00:00+00:00,593.1,593.1,586.26,589.95,1244862.0,15550.0,589.552521
2025-05-30 04:00:00+00:00,588.96,591.115,583.265,589.3,1732363.0,18321.0,587.88196
2025-06-02 04:00:00+00:00,587.76,592.79,585.1,592.79,1417425.0,16923.0,589.722419
2025-06-03 04:00:00+00:00,592.43,597.07,591.86,596.12,1206006.0,17243.0,595.182402
2025-06-04 04:00:00+00:00,596.985,597.92,595.56,595.98,963574.0,12576.0,596.992225
2025-06-05 04:00:00+00:00,597.66,598.93,591.07,593.08,1880521.0,18902.0,594.997028
2025-06-06 04:00:00+00:00,598.62,600.82,596.91,598.975,1317382.0,16873.0,599.284315
2025-06-09 04:00:00+00:00,599.75,601.25,598.52,599.43,745570.0,9529.0,600.02507
2025-06-10 04:00:00+00:00,600.335,603.465,599.15,603.1,954803.0,12227.0,601.680572
2025-06-11 04:00:00+00:00,604.18,605.04,599.275,601.59,1048022.0,14418.0,602.36539
2025-06-12 04:00:00+00:00,600.02,603.72,599.57,603.72,824021.0,13745.0,602.553171
2025-06-13 04:00:00+00:00,598.54,601.84,595.52,596.78,1120893.0,14487.0,598.389526
2025-06-16 04:00:00+00:00,600.43,604.45,600.24,602.705,1279004.0,14626.0,602.779749
2025-06-17 04:00:00+00:00,600.22,601.72,596.79,597.6,1203599.0,14555.0,599.192393
2025-06-18 04:00:00+00:00,598.405,601.21,596.5,597.52,1160837.0,14782.0,598.995574
2025-06-20 04:00:00+00:00,598.385,599.44,592.9,594.18,1141672.0,14517.0,595.232721
2025-06-23 04:00:00+00:00,595.07,600.53,591.91,600.08,1198286.0,15389.0,597.31134
2025-06-24 04:00:00+00:00,604.325,607.835,603.52,606.75,1154849.0,14205.0,606.182111
2025-06-25 04:00:00+00:00,607.91,608.45,605.73,607.2,1108399.0,14701.0,607.179516
2025-06-26 04:00:00+00:00,609.02,612.31,608.39,611.91,1338082.0,13696.0,611.052463
2025-06-27 04:00:00+00:00,612.895,616.39,610.9,614.83,1601093.0,18120.0,613.948914
2025-06-30 04:00:00+00:00,617.4,619.2,615.04,617.83,1848972.0,21567.0,616.997016
2025-07-01 04:00:00+00:00,616.395,618.81,615.56,617.64,1111353.0,13476.0,617.402099
2025-07-02 04:00:00+00:00,617.29,620.47,616.64,620.425,1217070.0,13403.0,619.154623
2025-07-03 04:00:00+00:00,622.47,626.26,622.46,625.41,745013.0,8986.0,625.026198
2025-07-07 04:00:00+00:00,623.33,623.99,617.89,620.99,1106758.0,13573.0,620.822369
2025-07-08 04:00:00+00:00,621.29,622.1,619.59,620.285,1175040.0,14194.0,620.648366
2025-07-09 04:00:00+00:00,622.73,624.71,620.92,624.035,1426465.0,16358.0,622.94436
2025-07-10 04:00:00+00:00,624.22,626.87,623.04,625.955,1227230.0,13589.0,625.527766
2025-07-11 04:00:00+00:00,622.73,624.85,621.55,623.64,1267770.0,13429.0,623.938471
2025-07-14 04:00:00+00:00,623.13,625.105,621.81,624.71,789601.0,11595.0,624.140531
2025-07-15 04:00:00+00:00,627.53,627.855,622.08,622.19,1236356.0,13808.0,624.324003
2025-07-16 04:00:00+00:00,623.71,624.72,618.06,624.23,1452936.0,17471.0,622.182445
2025-07-17 04:00:00+00:00,624.32,628.4,624.21,627.98,1480188.0,18980.0,627.102052
2025-07-18 04:00:00+00:00,629.25,629.305,626.47,627.59,1096240.0,13779.0,627.619912
2025-07-21 04:00:00+00:00,628.76,631.52,628.345,628.73,1132745.0,12649.0,630.116666
2025-07-22 04:00:00+00:00,628.975,629.62,626.195,628.78,1155033.0,17343.0,628.437012
2025-07-23 04:00:00+00:00,631.54,634.16,629.755,634.16,1122298.0,14347.0,632.377992
2025-07-24 04:00:00+00:00,634.61,636.105,634.03,634.49,1163452.0,15382.0,635.169967
2025-07-25 04:00:00+00:00,635.13,637.575,634.895,637.02,1185831.0,13853.0,636.653014
2025-07-28 04:00:00+00:00,637.465,638.02,635.55,636.95,1204387.0,17307.0,636.76323
2025-07-29 04:00:00+00:00,638.35,638.63,634.365,635.26,936389.0,10159.0,635.941243
2025-07-30 04:00:00+00:00,636.0,637.63,631.63,634.56,1379785.0,17346.0,634.99222
2025-07-31 04:00:00+00:00,639.46,639.84,630.78,631.9,1442218.0,14878.0,635.272338
2025-08-01 04:00:00+00:00,626.33,626.33,619.31,621.74,2811106.0,32133.0,622.135746
2025-08-04 04:00:00+00:00,625.72,631.19,625.6,631.07,1152237.0,13591.0,629.618168
2025-08-05 04:00:00+00:00,631.79,632.6,627.065,628.025,971663.0,14629.0,629.045272
2025-08-06 04:00:00+00:00,629.06,633.41,628.165,632.7,858622.0,10661.0,631.772947
2025-08-07 04:00:00+00:00,636.255,636.955,629.195,632.36,1145664.0,12538.0,632.345962
2025-08-08 04:00:00+00:00,634.11,637.635,633.78,637.26,839695.0,10065.0,636.469431
2025-08-11 04:00:00+00:00,637.51,638.925,634.68,635.86,920276.0,10204.0,636.65205
2025-08-12 04:00:00+00:00,638.29,642.84,636.87,642.63,1073890.0,12860.0,641.101253
2025-08-13 04:00:00+00:00,644.87,646.15,642.725,644.92,999562.0,12023.0,644.302411
2025-08-14 04:00:00+00:00,642.805,645.62,642.36,644.9,695902.0,14904.0,644.510896
2025-08-15 04:00:00+00:00,646.06,646.06,642.63,643.52,930641.0,11060.0,643.929598
2025-08-18 04:00:00+00:00,642.855,643.91,642.2,643.21,743841.0,11545.0,643.176149
2025-08-19 04:00:00+00:00,643.155,644.1,638.53,639.75,1085544.0,12393.0,640.499137
2025-08-20 04:00:00+00:00,639.39,639.6,632.96,637.92,1484005.0,16390.0,636.610123
2025-08-21 04:00:00+00:00,636.22,637.955,633.87,635.63,748921.0,8324.0,635.910966
2025-08-22 04:00:00+00:00,637.755,646.49,637.3,645.31,1552404.0,16352.0,644.591003
2025-08-25 04:00:00+00:00,644.01,645.28,642.43,642.55,930938.0,10430.0,644.003023
2025-08-26 04:00:00+00:00,642.1,645.51,641.57,645.16,841072.0,8799.0,643.626636
2025-08-27 04:00:00+00:00,644.555,647.37,644.46,646.61,983313.0,10978.0,646.44907
2025-08-28 04:00:00+00:00,647.165,649.47,645.365,648.94,1274610.0,10891.0,648.05725
2025-08-29 04:00:00+00:00,647.455,647.82,643.195,645.03,1567462.0,16587.0,644.681974
2025-09-02 04:00:00+00:00,637.5,640.45,634.96,640.4,1128392.0,11558.0,638.194626
2025-09-03 04:00:00+00:00,642.78,644.21,640.5,643.605,1261642.0,14941.0,642.392107
2025-09-04 04:00:00+00:00,644.43,649.14,643.53,649.02,1525098.0,16052.0,646.985878
2025-09-05 04:00:00+00:00,651.455,652.2,643.4,647.22,1502714.0,15402.0,647.269032
2025-09-08 04:00:00+00:00,648.645,649.815,647.265,648.78,1164606.0,13377.0,648.516895
2025-09-09 04:00:00+00:00,648.945,650.845,647.28,650.26,1066471.0,11082.0,649.386565
2025-09-10 04:00:00+00:00,653.625,654.55,650.64,652.28,1367239.0,18331.0,652.653813
2025-09-11 04:00:00+00:00,654.25,658.32,653.625,657.55,1799918.0,18340.0,657.051001
2025-09-12 04:00:00+00:00,657.59,659.08,656.93,657.535,1822008.0,15996.0,657.988288
2025-09-15 04:00:00+00:00,659.58,660.995,659.38,660.85,1240180.0,14422.0,660.311834
2025-09-16 04:00:00+00:00,661.47,661.7,659.23,659.93,1249852.0,14555.0,660.212817
2025-09-17 04:00:00+00:00,660.04,661.68,654.33,659.36,1554851.0,15864.0,658.881445
2025-09-18 04:00:00+00:00,661.9,664.88,660.29,662.26,1602411.0,20402.0,662.879586
2025-09-19 04:00:00+00:00,662.305,664.55,660.37,663.54,1981962.0,22648.0,662.825851
2025-09-22 04:00:00+00:00,662.21,667.28,662.205,666.77,1670891.0,17897.0,665.479671
2025-09-23 04:00:00+00:00,666.73,667.34,662.0,663.26,1612174.0,18687.0,664.522415
2025-09-24 04:00:00+00:00,664.48,664.575,659.685,661.07,1262284.0,15917.0,661.572001
2025-09-25 04:00:00+00:00,657.93,659.39,654.42,657.79,1323167.0,17410.0,657.404372
2025-09-26 04:00:00+00:00,659.505,662.35,657.93,661.775,1232100.0,15829.0,660.648993
2025-09-29 04:00:00+00:00,664.375,665.17,661.89,663.65,1550736.0,16408.0,663.494592
2025-09-30 04:00:00+00:00,662.91,666.65,661.625,666.06,1435659.0,14819.0,664.066352
2025-10-01 04:00:00+00:00,663.195,669.37,663.09,668.535,1375663.0,15101.0,667.204198
2025-10-02 04:00:00+00:00,670.455,670.55,666.815,669.15,1276773.0,13112.0,668.857387
2025-10-03 04:00:00+00:00,670.005,672.66,668.17,669.21,1396816.0,14962.0,670.59335
2025-10-06 04:00:00+00:00,671.625,672.5,669.48,671.585,1210989.0,13553.0,671.366384
2025-10-07 04:00:00+00:00,672.55,672.99,667.695,669.14,1359694.0,14159.0,669.548601
2025-10-08 04:00:00+00:00,670.285,673.17,669.5,673.06,1039092.0,10956.0,672.141109
2025-10-09 04:00:00+00:00,673.52,673.93,669.23,671.19,1059480.0,10685.0,670.984041
2025-10-10 04:00:00+00:00,672.145,673.89,652.87,653.275,2226230.0,21818.0,661.517566
2025-10-13 04:00:00+00:00,660.695,664.6,659.8,663.065,1395785.0,16702.0,662.504007
2025-10-14 04:00:00+00:00,657.17,665.79,653.24,662.255,1403065.0,15646.0,661.166818
2025-10-15 04:00:00+00:00,666.775,670.2,658.99,665.08,1369827.0,14047.0,665.397374
2025-10-16 04:00:00+00:00,666.835,668.62,657.18,660.79,1654772.0,16840.0,662.465651
2025-10-17 04:00:00+00:00,659.53,665.74,658.18,664.3,1179391.0,14330.0,662.273699
2025-10-20 04:00:00+00:00,667.305,672.2,667.3,671.27,995461.0,14231.0,670.871943
2025-10-21 04:00:00+00:00,671.35,672.99,670.0,671.26,1009506.0,12589.0,671.889775
2025-10-22 04:00:00+00:00,671.68,671.8,663.39,667.82,1017536.0,12645.0,667.421244
2025-10-23 04:00:00+00:00,668.12,672.71,667.88,671.525,1075599.0,11650.0,671.107511
2025-10-24 04:00:00+00:00,676.425,678.47,675.68,677.1,1158020.0,13402.0,677.585895
2025-10-27 04:00:00+00:00,682.72,685.54,682.115,685.215,1414474.0,15890.0,684.030768
2025-10-28 04:00:00+00:00,687.04,688.905,684.865,686.97,1318898.0,13876.0,686.931884
2025-10-29 04:00:00+00:00,688.72,689.69,682.91,687.315,1820620.0,19188.0,687.385532
2025-10-30 04:00:00+00:00,683.68,685.935,679.885,680.1,1168362.0,14445.0,682.769922
2025-10-31 04:00:00+00:00,684.98,685.065,679.29,682.03,1444709.0,14264.0,682.717279
2025-11-03 05:00:00+00:00,685.67,685.77,679.97,683.37,968746.0,16872.0,682.989246
2025-11-04 05:00:00+00:00,676.08,679.95,674.59,675.31,1579563.0,23746.0,676.424862
2025-11-05 05:00:00+00:00,674.955,680.85,674.22,677.49,1164923.0,18077.0,678.821102
2025-11-06 05:00:00+00:00,676.535,677.35,668.77,670.24,1603634.0,24815.0,671.966432
2025-11-07 05:00:00+00:00,667.885,671.06,661.24,670.92,1894028.0,29323.0,666.097159
2025-11-10 05:00:00+00:00,677.24,682.17,675.14,681.31,1437682.0,22383.0,679.539933
2025-11-11 05:00:00+00:00,679.945,683.56,678.75,682.9,943641.0,16908.0,681.806442
2025-11-12 05:00:00+00:00,684.84,684.95,680.98,683.32,1286225.0,20025.0,683.189848
2025-11-13 05:00:00+00:00,680.495,680.85,670.54,672.07,1686978.0,22917.0,674.178919
2025-11-14 05:00:00+00:00,665.36,675.655,663.28,671.935,1363032.0,21108.0,671.669166
2025-11-17 05:00:00+00:00,669.655,673.68,662.2,665.72,1439197.0,23595.0,667.304225
2025-11-18 05:00:00+00:00,661.925,665.06,655.91,660.16,2245731.0,34179.0,661.416942
2025-11-19 05:00:00+00:00,660.78,667.34,658.77,662.68,1471719.0,23889.0,662.587872
2025-11-20 05:00:00+00:00,672.945,675.54,651.89,652.42,3199694.0,48037.0,660.816203
2025-11-21 05:00:00+00:00,654.72,664.52,650.86,659.15,1680117.0,19699.0,657.385101
2025-11-24 05:00:00+00:00,662.645,670.045,661.64,668.82,1284399.0,16946.0,667.645761
2025-11-25 05:00:00+00:00,668.625,676.19,664.52,675.0,895760.0,12771.0,671.397857
2025-11-26 05:00:00+00:00,677.625,681.69,676.81,679.64,780390.0,13256.0,680.038856
2025-11-28 05:00:00+00:00,680.88,683.645,680.555,683.36,698369.0,12246.0,682.291414
2025-12-01 05:00:00+00:00,678.825,682.99,678.74,680.255,1011551.0,13304.0,680.577541
2025-12-02 05:00:00+00:00,681.82,683.82,679.39,681.44,770220.0,14060.0,681.884817
2025-12-03 05:00:00+00:00,680.56,684.9,679.74,683.81,808176.0,13719.0,683.4437
2025-12-04 05:00:00+00:00,685.3,685.32,681.4,684.495,728020.0,11978.0,683.535196
2025-12-05 05:00:00+00:00,685.48,688.385,684.59,685.62,901415.0,12709.0,685.99568
2025-12-08 05:00:00+00:00,686.46,686.59,681.59,683.68,946326.0,17663.0,683.435332
2025-12-09 05:00:00+00:00,683.11,685.37,682.62,683.03,1073483.0,21470.0,683.742638
2025-12-10 05:00:00+00:00,682.525,688.96,681.32,687.59,1579236.0,27191.0,685.430912
2025-12-11 05:00:00+00:00,685.14,689.23,682.31,689.15,1239671.0,21472.0,687.058138
2025-12-12 05:00:00+00:00,688.185,688.865,679.18,681.8,1269024.0,22996.0,682.609609
2025-12-15 05:00:00+00:00,685.745,685.745,679.28,680.715,1203309.0,22639.0,681.280879
2025-12-16 05:00:00+00:00,679.09,681.04,675.01,678.86,1592313.0,29556.0,678.431573
2025-12-17 05:00:00+00:00,679.77,680.385,671.2,671.43,1053974.0,18742.0,673.811344
2025-12-18 05:00:00+00:00,677.59,680.7,674.91,676.515,1343555.0,28308.0,677.835245
2025-12-19 05:00:00+00:00,676.61,681.09,676.475,680.52,1591366.0,27721.0,680.126224
2025-12-22 05:00:00+00:00,683.925,685.3,682.715,684.71,1100367.0,16883.0,684.500901
2025-12-23 05:00:00+00:00,683.895,688.19,683.88,687.91,910769.0,15473.0,687.060804
2025-12-24 05:00:00+00:00,687.92,690.82,687.83,690.27,508573.0,8796.0,689.873397
2025-12-26 05:00:00+00:00,690.555,691.615,689.34,690.26,475363.0,6696.0,690.377343
2025-12-29 05:00:00+00:00,687.565,689.18,686.1,687.975,994838.0,16756.0,687.683155
2025-12-30 05:00:00+00:00,687.43,688.55,686.58,686.93,1056176.0,15164.0,687.510017
2025-12-31 05:00:00+00:00,687.145,687.35,681.72,681.82,1205920.0,18817.0,683.982106
2026-01-02 05:00:00+00:00,685.51,686.87,679.88,683.33,1049269.0,15751.0,683.15568
2026-01-05 05:00:00+00:00,686.51,689.43,686.385,687.73,1228667.0,18406.0,687.970632
2026-01-06 05:00:00+00:00,687.92,692.3,687.8,691.81,1513700.0,25281.0,690.81407
2026-01-07 05:00:00+00:00,692.185,693.95,689.35,689.64,1472466.0,22097.0,691.542984
2026-01-08 05:00:00+00:00,688.795,690.59,687.495,689.44,1531855.0,22302.0,689.316881
2026-01-09 05:00:00+00:00,690.6,695.295,689.21,694.005,1619127.0,23936.0,693.642228
2026-01-12 05:00:00+00:00,690.68,696.07,690.68,695.185,1379119.0,22633.0,694.536192
2026-01-13 05:00:00+00:00,695.44,696.08,691.4,693.71,1516329.0,22115.0,693.351376
2026-01-14 05:00:00+00:00,690.9,691.68,686.17,690.62,1623287.0,24543.0,688.607234
2026-01-15 05:00:00+00:00,694.6,695.44,691.28,692.18,1763355.0,31312.0,693.493849
2026-01-16 05:00:00+00:00,693.68,694.23,690.13,691.58,1267886.0,19543.0,692.323594
2026-01-20 05:00:00+00:00,681.52,684.74,676.58,677.66,1121802.0,18254.0,679.617988
2026-01-21 05:00:00+00:00,679.35,688.725,678.165,685.34,2214904.0,43988.0,683.623164
2026-01-22 05:00:00+00:00,689.85,691.08,686.94,688.96,979114.0,18279.0,689.345236
2026-01-23 05:00:00+00:00,688.1,690.955,687.18,689.2,1105712.0,18071.0,689.307021
2026-01-26 05:00:00+00:00,690.485,694.12,689.95,692.755,1235263.0,19176.0,693.009073
2026-01-27 05:00:00+00:00,694.15,696.515,693.58,695.53,1298406.0,20064.0,695.684681
2026-01-28 05:00:00+00:00,697.02,697.825,694.16,695.39,915857.0,15183.0,695.818064
2026-01-29 05:00:00+00:00,696.345,697.06,684.85,693.965,1448351.0,19606.0,690.88884
2026-01-30 05:00:00+00:00,691.84,694.17,687.17,691.8,1391309.0,19811.0,691.378873
2026-02-02 05:00:00+00:00,689.62,696.93,689.445,695.39,1805145.0,26454.0,695.350797
2026-02-03 05:00:00+00:00,696.225,696.945,684.035,689.435,1826631.0,26832.0,689.095383
2026-02-04 05:00:00+00:00,690.29,691.4,681.78,686.1,1834820.0,27151.0,686.553677
2026-02-05 05:00:00+00:00,680.78,683.64,675.81,677.44,1556860.0,21285.0,679.126892
2026-02-06 05:00:00+00:00,681.435,692.29,681.14,690.72,1801352.0,29206.0,688.3111
2026-02-09 05:00:00+00:00,689.47,695.855,688.39,694.0,1039359.0,18419.0,694.090494
2026-02-10 05:00:00+00:00,694.91,696.53,691.66,692.11,1087464.0,17112.0,693.708631
2026-02-11 05:00:00+00:00,696.435,697.08,689.22,691.81,1054954.0,17076.0,692.670327
2026-02-12 05:00:00+00:00,694.23,695.34,680.4,681.19,1558444.0,23369.0,685.314959
2026-02-13 05:00:00+00:00,681.695,686.26,677.53,681.61,1893959.0,30179.0,682.830701
2026-02-17 05:00:00+00:00,680.15,684.92,675.79,682.76,962881.0,14391.0,681.292521
2026-02-18 05:00:00+00:00,683.87,689.14,682.87,686.19,1657083.0,26552.0,686.634421
2026-02-19 05:00:00+00:00,683.85,686.135,681.59,684.505,1404841.0,24236.0,683.683337
2026-02-20 05:00:00+00:00,682.23,690.06,681.865,689.44,1325238.0,21995.0,687.551704
2026-02-23 05:00:00+00:00,687.805,690.0,680.385,682.39,1548756.0,23975.0,682.459307
2026-02-24 05:00:00+00:00,681.52,688.325,680.0,687.37,1287317.0,20653.0,686.406409
2026-02-25 05:00:00+00:00,690.14,693.66,690.14,693.1,711288.0,9789.0,692.456438
2026-02-26 05:00:00+00:00,693.12,693.175,684.37,689.32,1078975.0,17592.0,688.185073
2026-02-27 05:00:00+00:00,682.995,686.85,681.66,686.16,2640484.0,38906.0,684.733904
2026-03-02 05:00:00+00:00,678.73,688.59,678.03,686.35,2232660.0,34158.0,685.55692
2026-03-03 05:00:00+00:00,675.03,682.58,669.675,680.29,3334744.0,42680.0,676.589236
2026-03-04 05:00:00+00:00,681.69,687.085,679.63,685.13,2450782.0,38499.0,685.500662
2026-03-05 05:00:00+00:00,682.09,685.51,675.63,681.405,1852096.0,27400.0,679.994612
2026-03-06 05:00:00+00:00,673.41,676.1,669.78,672.44,1731167.0,24143.0,673.315502
2026-03-09 04:00:00+00:00,666.38,679.88,662.42,678.3,2019689.0,28715.0,670.66981
2026-03-10 04:00:00+00:00,677.68,683.33,674.81,677.13,1327363.0,18418.0,679.118475
2026-03-11 04:00:00+00:00,677.68,680.06,673.36,676.34,855049.0,14550.0,675.817677
2026-03-12 04:00:00+00:00,671.115,671.63,665.91,666.05,1851720.0,26131.0,668.341524
2026-03-13 04:00:00+00:00,669.24,672.335,661.37,662.3,1905066.0,30745.0,664.606907
2026-03-16 04:00:00+00:00,668.41,672.05,667.16,668.97,2121754.0,33592.0,669.366422
2026-03-17 04:00:00+00:00,672.375,674.4,670.09,670.75,1035443.0,15171.0,671.710501
2026-03-18 04:00:00+00:00,668.35,669.65,661.23,661.54,1836272.0,28225.0,665.038607
2026-03-19 04:00:00+00:00,656.63,662.93,655.2,659.87,1086895.0,19508.0,658.385113
2026-03-20 04:00:00+00:00,656.495,656.65,644.75,648.48,2140888.0,30469.0,649.526853
2026-03-23 04:00:00+00:00,658.06,662.605,653.94,655.37,2318783.0,33310.0,658.08574
2026-03-24 04:00:00+00:00,651.295,657.03,649.92,653.2,1746221.0,27753.0,653.997597
2026-03-25 04:00:00+00:00,658.665,660.83,654.27,656.74,1379333.0,27298.0,657.347264
2026-03-26 04:00:00+00:00,652.02,654.82,644.83,645.11,901469.0,16669.0,648.855295
2026-03-27 04:00:00+00:00,642.475,642.61,633.105,634.04,1640085.0,27175.0,637.156357
2026-03-30 04:00:00+00:00,639.86,640.28,629.29,632.02,1812294.0,33774.0,634.127681
2026-03-31 04:00:00+00:00,638.905,651.5,638.01,650.12,2822238.0,41364.0,646.053242
2026-04-01 04:00:00+00:00,654.08,658.52,653.0,655.18,1543102.0,23810.0,655.783065
2026-04-02 04:00:00+00:00,646.425,658.1,645.13,655.76,1505269.0,24515.0,652.747627
2026-04-06 04:00:00+00:00,655.9,659.4,655.52,658.885,1239157.0,14538.0,657.908078
2026-04-07 04:00:00+00:00,656.85,659.54,651.06,659.23,1811115.0,20850.0,655.731737
2026-04-08 04:00:00+00:00,676.4,677.06,671.55,676.0,2148131.0,30919.0,674.797963
2026-04-09 04:00:00+00:00,674.98,681.1,673.8,679.87,1394539.0,20921.0,678.150489
2026-04-10 04:00:00+00:00,681.305,682.03,678.47,679.35,959465.0,16211.0,679.828792
2026-04-13 04:00:00+00:00,677.58,686.28,676.67,686.0,1331996.0,18169.0,682.694802
2026-04-14 04:00:00+00:00,687.72,694.58,687.715,694.36,1574586.0,26519.0,692.439574
2026-04-15 04:00:00+00:00,695.51,700.28,694.3,699.75,1665266.0,25372.0,698.012228
2026-04-16 04:00:00+00:00,701.075,702.78,698.54,701.53,1394612.0,21029.0,700.858272
2026-04-17 04:00:00+00:00,706.26,712.345,705.8,710.06,1314488.0,19546.0,709.826806
2026-04-20 04:00:00+00:00,708.87,709.905,706.15,708.79,981019.0,17761.0,708.102726
2026-04-21 04:00:00+00:00,710.165,711.25,702.67,703.91,1279763.0,20708.0,706.528236
2026-04-22 04:00:00+00:00,709.14,711.44,708.23,711.2,1108252.0,18705.0,710.001645
2026-04-23 04:00:00+00:00,709.37,712.35,702.34,708.41,1469729.0,24737.0,708.427535
2026-04-24 04:00:00+00:00,710.755,714.46,709.02,713.97,1063040.0,15254.0,712.570824
2026-04-27 04:00:00+00:00,713.18,715.59,712.33,715.165,1329665.0,23163.0,714.312642
2026-04-28 04:00:00+00:00,711.75,712.88,709.27,711.68,1225364.0,19381.0,711.107623
2026-04-29 04:00:00+00:00,710.98,712.19,708.435,711.59,889917.0,15470.0,710.526905
2026-04-30 04:00:00+00:00,714.67,719.71,710.465,718.41,1976926.0,26747.0,716.453007
2026-05-01 04:00:00+00:00,721.245,724.85,720.485,720.49,1437357.0,23122.0,722.528063
2026-05-04 04:00:00+00:00,720.03,722.12,715.01,718.09,1078626.0,18073.0,718.761163
2026-05-05 04:00:00+00:00,721.81,725.03,721.58,723.71,1288729.0,20764.0,723.604131
2026-05-06 04:00:00+00:00,728.055,734.59,727.82,733.77,1751660.0,25507.0,732.603375
2026-05-07 04:00:00+00:00,735.065,736.1,729.75,731.53,1252417.0,21023.0,732.395757
2026-05-08 04:00:00+00:00,734.975,737.95,734.6,737.54,1427610.0,23457.0,737.018853
2026-05-11 04:00:00+00:00,736.52,740.73,736.52,739.2,1334809.0,26362.0,739.160365
2026-05-12 04:00:00+00:00,736.87,738.84,731.83,738.19,1517551.0,25891.0,735.341169
2026-05-13 04:00:00+00:00,738.41,743.9,735.505,742.3,1094090.0,17624.0,740.622335
2026-05-14 04:00:00+00:00,743.655,749.47,743.6,748.1,1020227.0,19288.0,747.457591
2026-05-15 04:00:00+00:00,741.88,743.43,737.96,739.1,1323694.0,24839.0,740.629467
2026-05-18 04:00:00+00:00,739.83,741.38,733.42,738.4,1368140.0,23749.0,737.211948
2026-05-19 04:00:00+00:00,734.79,737.62,731.57,733.8,1787567.0,28844.0,734.460535
2026-05-20 04:00:00+00:00,735.585,741.8,733.9,741.31,1251063.0,22671.0,739.489952
2026-05-21 04:00:00+00:00,738.56,744.84,737.2,742.71,1344374.0,23092.0,740.855704
2026-05-22 04:00:00+00:00,746.17,748.92,744.53,745.67,1145182.0,21125.0,746.749795
2026-05-26 04:00:00+00:00,750.14,752.11,748.37,750.46,1273804.0,22543.0,750.018242
2026-05-27 04:00:00+00:00,750.885,751.355,748.25,750.59,1326701.0,22731.0,750.117777
2026-05-28 04:00:00+00:00,750.23,755.14,749.25,754.68,1218138.0,21273.0,753.579693
2026-05-29 04:00:00+00:00,755.865,758.06,754.72,756.34,1674069.0,30061.0,756.608534
2026-06-01 04:00:00+00:00,755.56,760.26,754.74,758.44,1446621.0,24204.0,757.541871
2026-06-02 04:00:00+00:00,757.21,760.4,756.75,759.47,1164371.0,20441.0,758.987478
2026-06-03 04:00:00+00:00,758.2,758.79,753.59,754.18,1906675.0,29308.0,755.410855
2026-06-04 04:00:00+00:00,752.06,758.3,751.47,756.97,1546700.0,26881.0,756.057324
2026-06-05 04:00:00+00:00,752.29,752.8,735.59,737.45,2829329.0,46592.0,743.138073
2026-06-08 04:00:00+00:00,743.35,745.32,738.2,739.235,1709067.0,29762.0,741.673381
2026-06-09 04:00:00+00:00,743.41,746.89,722.605,737.07,3427455.0,47979.0,733.965451
2026-06-10 04:00:00+00:00,733.36,738.38,725.37,725.58,2288273.0,35624.0,730.735464
2026-06-11 04:00:00+00:00,728.8,740.0,724.46,737.67,3118813.0,51948.0,732.745128
2026-06-12 04:00:00+00:00,740.74,744.41,735.03,741.67,2238880.0,34844.0,740.574543
2026-06-15 04:00:00+00:00,751.8,756.68,751.78,754.75,1938716.0,32856.0,754.473961
2026-06-16 04:00:00+00:00,754.55,755.44,749.89,750.58,1800287.0,26988.0,752.097488
2026-06-17 04:00:00+00:00,751.27,752.13,739.26,741.02,2559843.0,40342.0,745.689631
2026-06-18 04:00:00+00:00,747.765,748.18,743.88,746.75,1493489.0,27650.0,746.575702
2026-06-22 04:00:00+00:00,747.65,750.14,743.13,744.27,1673730.0,26663.0,745.080264
2026-06-23 04:00:00+00:00,733.735,739.6,732.3,733.62,1905566.0,30750.0,735.56944
2026-06-24 04:00:00+00:00,734.7,739.93,730.86,733.32,1421736.0,23722.0,734.122191
2026-06-25 04:00:00+00:00,738.9,739.31,729.63,733.33,1997200.0,34141.0,733.606281
2026-06-26 04:00:00+00:00,728.875,736.5,716.58,729.35,2065474.0,30769.0,732.80282
2026-06-29 04:00:00+00:00,736.61,741.54,732.12,740.86,1615239.0,26481.0,738.907788
2026-06-30 04:00:00+00:00,741.3,748.01,740.9,746.65,1509022.0,24028.0,745.43146
2026-07-01 04:00:00+00:00,744.965,749.41,742.385,745.665,1546434.0,23372.0,746.557347
2026-07-02 04:00:00+00:00,747.415,751.23,740.04,744.86,1955793.0,28892.0,744.800091
2026-07-06 04:00:00+00:00,748.22,752.4,747.455,751.27,1521390.0,23016.0,750.654665
2026-07-07 04:00:00+00:00,750.21,750.935,745.27,747.77,1436097.0,25223.0,747.606356
2026-07-08 04:00:00+00:00,743.135,746.14,739.55,745.28,1223246.0,21967.0,743.61594
2026-07-09 04:00:00+00:00,747.29,751.97,745.6,751.55,1464597.0,21703.0,750.047598
2026-07-10 04:00:00+00:00,752.1,755.42,748.14,754.94,1273329.0,19393.0,753.674501
2026-07-13 04:00:00+00:00,752.62,753.91,748.06,749.13,1512093.0,21929.0,750.557362
2026-07-14 04:00:00+00:00,750.93,753.31,748.71,751.94,1105761.0,16630.0,751.576937
2026-07-15 04:00:00+00:00,754.225,755.54,750.25,754.77,1446040.0,23863.0,753.482332
2026-07-16 04:00:00+00:00,752.8,754.55,747.88,750.87,1656558.0,22212.0,751.112107
2026-07-17 04:00:00+00:00,742.17,747.25,740.8,743.28,2010179.0,26655.0,744.421418
2026-07-20 04:00:00+00:00,747.04,748.69,741.56,742.15,1510294.0,19982.0,744.289804
2026-07-21 04:00:00+00:00,746.31,749.03,744.25,748.155,1219047.0,18616.0,747.532316
2026-07-22 04:00:00+00:00,747.05,750.015,746.425,747.49,1223790.0,17021.0,748.330809
2026-07-23 04:00:00+00:00,739.29,742.515,735.25,738.06,1715927.0,24698.0,738.211535
2026-07-24 04:00:00+00:00,738.505,743.71,737.3,738.9,1530227.0,21068.0,739.508814
2026-07-27 04:00:00+00:00,744.9,745.52,735.88,738.85,1413913.0,22695.0,739.0947
2026-07-28 04:00:00+00:00,739.165,742.755,736.01,740.795,1327039.0,18951.0,740.05171
2026-07-29 04:00:00+00:00,739.92,742.68,729.105,729.57,1907562.0,23276.0,734.650303
2026-07-30 04:00:00+00:00,736.025,742.45,734.625,741.63,1566682.0,22291.0,739.054563
2026-07-31 04:00:00+00:00,744.685,748.86,737.7,746.79,1909254.0,27327.0,744.097859
2026-08-03 04:00:00+00:00,749.49,758.58,749.21,757.72,1927439.0,31756.0,755.963446
2026-08-04 04:00:00+00:00,760.63,773.41,760.53,771.11,2274670.0,35127.0,769.232815
2026-08-05 04:00:00+00:00,775.91,776.81,769.53,769.79,1605060.0,24529.0,772.74203
2026-08-06 04:00:00+00:00,770.17,771.8,767.5,768.64,1090899.0,17830.0,769.212001
2026-08-07 04:00:00+00:00,771.0,773.885,769.62,773.16,1196627.0,18546.0,772.297819
2026-08-10 04:00:00+00:00,772.77,775.03,771.91,773.02,1205013.0,17732.0,773.294271
2026-08-11 04:00:00+00:00,774.515,774.53,769.415,770.52,1005691.0,16895.0,771.714228
2026-08-12 04:00:00+00:00,774.73,774.74,771.3,772.54,1033255.0,17367.0,772.646688
2026-08-13 04:00:00+00:00,774.72,779.37,774.19,777.84,1209788.0,17867.0,777.356158
2026-08-14 04:00:00+00:00,778.505,778.78,775.44,776.3,1249643.0,18201.0,776.613658
