datetime,open,high,low,close
2022-08-17,1.017066,1.019784,1.014806,1.017066
2022-08-18,1.018019,1.019368,1.011317,1.018019
2022-08-19,1.00899,1.011225,1.0036231,1.00899
2022-08-22,1.0035224,1.0048232,0.99277264,1.0035224
2022-08-23,0.99394679,1.0019037,0.99031466,0.99394679
2022-08-24,0.99669099,0.99982005,0.99119812,0.99669099
2022-08-25,0.99690956,1.0030594,0.99567872,0.99690956
2022-08-26,0.99712831,1.0088272,0.99472791,0.99712831
2022-08-29,0.99386781,1.0031096,0.99149305,0.99386781
2022-08-30,1.0014019,1.0052272,0.99834275,1.0014019
2022-08-31,1.0025063,1.0077394,0.997168,1.0025063
2022-09-01,1.0039052,1.0045809,0.99173886,1.0039052
2022-09-02,0.99523288,1.0033311,0.99512392,0.99523288
2022-09-05,0.99094278,0.9943521,0.98808366,0.99094278
2022-09-06,0.99522299,0.99853218,0.98651439,0.99522299
2022-09-07,0.98979515,0.99552011,0.98778117,0.98979515
2022-09-08,0.99957019,1.0029085,0.99334455,0.99957019
2022-09-09,1.0012015,1.011225,1.00093091,1.0012015
2022-09-12,1.0071406,1.01968,1.0064716,1.0071406
2022-09-13,1.012956,1.018745,0.9995802,1.012956
2022-09-14,0.99820328,1.0022751,0.99636334,0.99820328
2022-09-15,0.99840254,1.0017931,0.99574822,0.99840254
2022-09-16,0.99883133,1.0035627,0.99457955,0.99883133
2022-09-19,1.0022349,1.0028079,0.99668103,1.0022349
2022-09-20,1.0029588,1.0050251,0.99570847,1.0029588
2022-09-21,0.99707854,0.99740678,0.9869135,0.99707854
2022-09-22,0.98307151,0.99061882,0.9811039,0.98307151
2022-09-23,0.98415506,0.98522168,0.97039336,0.98415506
2022-09-26,0.96899229,0.96998852,0.95823079,0.96899229
2022-09-27,0.96237123,0.96700579,0.95945346,0.96237123
2022-09-28,0.95961916,0.9686262,0.95401639,0.95961916
2022-09-29,0.97081721,0.97873223,0.96382761,0.97081721
2022-09-30,0.98295557,0.98499852,0.97360557,0.98295557
2022-10-03,0.97926885,0.98442632,0.97536236,0.97926885
2022-10-04,0.98320687,0.99801397,0.98067105,0.98320687
2022-10-05,0.99843246,0.9994204,0.98354536,0.99843246
2022-10-06,0.99109989,0.99263471,0.97893333,0.99109989
2022-10-07,0.97890455,0.9816047,0.97316968,0.97890455
2022-10-10,0.97350127,0.97522914,0.96825111,0.97350127
2022-10-11,0.97100574,0.97580963,0.9673987,0.97100574
2022-10-12,0.97001678,0.97330225,0.96696836,0.97001678
2022-10-13,0.97079843,0.97950864,0.96359533,0.97079843
2022-10-14,0.97513402,0.98038256,0.97094923,0.97513402
2022-10-17,0.97393745,0.98470747,0.97245049,0.97393745
2022-10-18,0.98463964,0.98736179,0.98146021,0.98463964
2022-10-19,0.98638785,0.98669934,0.9760192,0.98638785
2022-10-20,0.97664827,0.98451358,0.97555262,0.97664827
2022-10-21,0.97788996,0.98569751,0.97073239,0.97788996
2022-10-24,0.98600858,0.98896313,0.98089224,0.98600858
2022-10-25,0.98865032,0.99753606,0.98522168,0.98865032
2022-10-26,0.99637312,1.0080544,0.99446082,0.99637312
2022-10-27,1.0091938,1.0094892,0.99764556,1.0091938
2022-10-28,0.9967804,0.99989998,0.99314731,0.9967804
2022-10-31,0.99550027,0.99681014,0.98735201,0.99550027
2022-11-01,0.98863077,0.99516344,0.98621273,0.98863077
2022-11-02,0.98779094,0.99135536,0.9867577,0.98779094
2022-11-03,0.9814409,0.98396146,0.97312242,0.9814409
2022-11-04,0.97496301,0.99381846,0.97484893,0.97496301
2022-11-07,0.99288106,1.00050032,0.99194545,0.99288106
2022-11-08,1.0018635,1.0094179,0.99760568,1.0018635
2022-11-09,1.0080848,1.0088781,1.0012516,1.0080848
2022-11-10,1.0019538,1.018299,0.99377888,1.0019538
2022-11-11,1.019222,1.033837,1.016622,1.019222
2022-11-14,1.032855,1.035025,1.027359,1.032855
2022-11-15,1.031928,1.047548,1.031385,1.031928
2022-11-16,1.035786,1.043732,1.033645,1.035786
2022-11-17,1.039501,1.040572,1.030949,1.039501
2022-11-18,1.036173,1.039587,1.032802,1.036173
2022-11-21,1.03309,1.033325,1.022704,1.03309
2022-11-22,1.024569,1.029018,1.024338,1.024569
2022-11-23,1.031109,1.038206,1.029813,1.031109
2022-11-24,1.041623,1.044823,1.038368,1.041623
2022-11-25,1.04081,1.042905,1.035615,1.04081
2022-11-28,1.036753,1.04967,1.034244,1.036753
2022-11-29,1.034554,1.039415,1.032546,1.034554
2022-11-30,1.03245,1.039458,1.02923,1.03245
2022-12-01,1.042535,1.053141,1.039793,1.042535
2022-12-02,1.052842,1.054519,1.043417,1.052842
2022-12-05,1.054419,1.059412,1.049241,1.054419
2022-12-06,1.049692,1.053208,1.047702,1.049692
2022-12-07,1.046901,1.054619,1.044376,1.046901
2022-12-08,1.051326,1.056312,1.049164,1.051326
2022-12-09,1.055966,1.05884,1.052,1.055966
2022-12-12,1.052222,1.057921,1.050707,1.052222
2022-12-13,1.054174,1.066894,1.052931,1.054174
2022-12-14,1.062665,1.066985,1.062011,1.062665
2022-12-15,1.067635,1.072559,1.060738,1.067635
2022-12-16,1.064056,1.066325,1.05994,1.064056
2022-12-19,1.058504,1.0659,1.05772,1.058504
2022-12-20,1.061458,1.065553,1.058067,1.061458
2022-12-21,1.062699,1.064351,1.059704,1.062699
2022-12-22,1.061008,1.065746,1.058403,1.061008
2022-12-23,1.060333,1.063117,1.058795,1.060333
2022-12-26,1.06678,1.06678,1.060895,1.06678
2022-12-27,1.064022,1.0669,1.061244,1.064022
2022-12-28,1.063717,1.06743,1.061391,1.063717
2022-12-29,1.062925,1.067019,1.061233,1.062925
2022-12-30,1.066075,1.069793,1.06392,1.066075
2023-01-02,1.070973,1.071237,1.065326,1.070973
2023-01-03,1.067771,1.068262,1.052155,1.067771
2023-01-04,1.054685,1.063151,1.054596,1.054685
2023-01-05,1.060637,1.063264,1.051558,1.060637
2023-01-06,1.052222,1.062225,1.048526,1.052222
2023-01-09,1.065632,1.075951,1.06528,1.065632
2023-01-10,1.073318,1.075685,1.071318,1.073318
2023-01-11,1.073895,1.07747,1.072685,1.073895
2023-01-12,1.0766,1.083835,1.073802,1.0766
2023-01-13,1.086024,1.086779,1.078063,1.086024
2023-01-16,1.082462,1.087548,1.080264,1.082462
2023-01-17,1.083013,1.086909,1.078702,1.083013
2023-01-18,1.079331,1.088447,1.076704,1.079331
2023-01-19,1.079785,1.083306,1.078295,1.079785
2023-01-20,1.083388,1.085658,1.080462,1.083388
2023-01-23,1.086472,1.091953,1.084752,1.086508
2023-01-24,1.087429,1.089681,1.083929,1.087429
2023-01-25,1.088815,1.092263,1.085812,1.088815
2023-01-26,1.092204,1.093255,1.085164,1.092204
2023-01-27,1.089443,1.090156,1.083882,1.089443
2023-01-30,1.087146,1.091501,1.085458,1.087146
2023-01-31,1.085069,1.086838,1.080415,1.085069
2023-02-01,1.086095,1.092443,1.085293,1.086095
2023-02-02,1.10129,1.10266,1.088767,1.10129
2023-02-03,1.090513,1.094068,1.081105,1.090513
2023-02-06,1.079086,1.08003,1.071834,1.079086
2023-02-07,1.073076,1.0746,1.066951,1.073076
2023-02-08,1.072973,1.076021,1.071685,1.072973
2023-02-09,1.071582,1.07904,1.071157,1.071582
2023-02-10,1.074229,1.075176,1.066928,1.074229
2023-02-13,1.067771,1.072501,1.065723,1.067771
2023-02-14,1.073042,1.079844,1.070996,1.073042
2023-02-15,1.073572,1.07446,1.066598,1.073572
2023-02-16,1.069176,1.072225,1.065575,1.069176
2023-02-17,1.066576,1.068148,1.06138,1.066576
2023-02-20,1.068444,1.070549,1.067156,1.068444
2023-02-21,1.068262,1.069564,1.064487,1.068262
2023-02-22,1.065201,1.066553,1.061909,1.065201
2023-02-23,1.06058,1.063038,1.058201,1.06058
2023-02-24,1.059805,1.061425,1.053774,1.059805
2023-02-27,1.055476,1.061864,1.053352,1.055476
2023-02-28,1.061121,1.0645,1.058235,1.061121
2023-03-01,1.057731,1.069107,1.056569,1.057731
2023-03-02,1.066894,1.06727,1.058347,1.066894
2023-03-03,1.059973,1.062925,1.059131,1.059973
2023-03-06,1.06262,1.069381,1.062304,1.06262
2023-03-07,1.068833,1.069633,1.057161,1.068833
2023-03-08,1.055075,1.057328,1.052665,1.055075
2023-03-09,1.054953,1.058649,1.053852,1.054953
2023-03-10,1.05847,1.069862,1.057574,1.05847
2023-03-13,1.068365,1.073722,1.065235,1.068365
2023-03-14,1.072501,1.074714,1.067965,1.072501
2023-03-15,1.072766,1.076009,1.052034,1.072766
2023-03-16,1.058335,1.063456,1.055509,1.058335
2023-03-17,1.061413,1.066963,1.061211,1.061413
2023-03-20,1.067886,1.073053,1.063242,1.067886
2023-03-21,1.071915,1.078725,1.070492,1.071915
2023-03-22,1.077424,1.080147,1.075951,1.077424
2023-03-23,1.087039,1.0929,1.086862,1.087039
2023-03-24,1.083506,1.0839,1.071892,1.083506
2023-03-27,1.077819,1.0796,1.074807,1.077819
2023-03-28,1.080707,1.0849,1.080404,1.080707
2023-03-29,1.083952,1.0872,1.082134,1.083952
2023-03-30,1.084363,1.092395,1.082696,1.084363
2023-03-31,1.090465,1.092586,1.086059,1.090465
2023-04-03,1.080334,1.091572,1.078935,1.080334
2023-04-04,1.091227,1.097165,1.088388,1.091227
2023-04-05,1.096011,1.096924,1.090536,1.096011
2023-04-06,1.090334,1.093016,1.088554,1.090334
2023-04-07,1.092013,1.092538,1.088104,1.092013
2023-04-10,1.091358,1.091822,1.083248,1.091358
2023-04-11,1.086933,1.092669,1.086803,1.086933
2023-04-12,1.091751,1.099856,1.091524,1.091751
2023-04-13,1.099989,1.1069,1.098165,1.099989
2023-04-14,1.10546,1.10754,1.097803,1.10546
2023-04-17,1.09866,1.099904,1.091072,1.09866
2023-04-18,1.092538,1.098346,1.092275,1.092538
2023-04-19,1.097538,1.09866,1.091834,1.097538
2023-04-20,1.095218,1.098901,1.093434,1.095218
2023-04-21,1.097093,1.099251,1.093972,1.097093
2023-04-24,1.099227,1.10342,1.096876,1.099227
2023-04-25,1.10595,1.10681,1.096924,1.10595
2023-04-26,1.097839,1.10941,1.096924,1.097839
2023-04-27,1.10473,1.10656,1.099421,1.10473
2023-04-28,1.1032,1.10437,1.096563,1.1032
2023-05-01,1.10109,1.10356,1.096696,1.10109
2023-05-02,1.096924,1.10052,1.094355,1.096924
2023-05-03,1.10109,1.10582,1.10059,1.10109
2023-05-04,1.10689,1.10914,1.098684,1.10689
2023-05-05,1.10229,1.1048,1.097165,1.10229
2023-05-08,1.10187,1.10534,1.10125,1.10187
2023-05-09,1.099614,1.10011,1.094403,1.099614
2023-05-10,1.096467,1.10047,1.094283,1.096467
2023-05-11,1.098406,1.099868,1.090132,1.098406
2023-05-12,1.091215,1.093518,1.085564,1.091215
2023-05-15,1.08527,1.089206,1.084858,1.08527
2023-05-16,1.08737,1.090358,1.08567,1.08737
2023-05-17,1.086567,1.087548,1.081163,1.086567
2023-05-18,1.083835,1.084952,1.076542,1.083835
2023-05-19,1.07754,1.082392,1.076102,1.07754
2023-05-22,1.082275,1.083072,1.079657,1.082275
2023-05-23,1.081105,1.082134,1.07638,1.081105
2023-05-24,1.076971,1.079937,1.074968,1.076971
2023-05-25,1.075732,1.075732,1.070996,1.075732
2023-05-26,1.072444,1.075755,1.070205,1.072444
2023-05-29,1.072306,1.074576,1.070629,1.072306
2023-05-30,1.070767,1.074576,1.067338,1.070767
2023-05-31,1.073307,1.073883,1.065167,1.073307
2023-06-01,1.069519,1.0754,1.066416,1.069519
2023-06-02,1.076079,1.077935,1.071811,1.076079
2023-06-05,1.069862,1.072271,1.067475,1.069862
2023-06-06,1.07118,1.073307,1.066735,1.07118
2023-06-07,1.069805,1.074022,1.066883,1.069805
2023-06-08,1.070744,1.078283,1.070217,1.070744
2023-06-09,1.078272,1.078749,1.074772,1.078272
2023-06-12,1.075095,1.07897,1.073434,1.075095
2023-06-13,1.076299,1.082251,1.076056,1.076299
2023-06-14,1.078935,1.085835,1.077575,1.078935
2023-06-15,1.084305,1.093853,1.080427,1.084305
2023-06-16,1.094595,1.0971,1.092013,1.094595
2023-06-19,1.094212,1.094931,1.0911,1.094212
2023-06-20,1.09243,1.094523,1.089455,1.09243
2023-06-21,1.092037,1.096131,1.090667,1.092037
2023-06-22,1.099264,1.10112,1.09511,1.099264
2023-06-23,1.09589,1.09589,1.084505,1.09589
2023-06-26,1.090667,1.09218,1.088815,1.090667
2023-06-27,1.091048,1.09761,1.090322,1.091048
2023-06-28,1.095722,1.096251,1.089966,1.095722
2023-06-29,1.091584,1.094068,1.086236,1.091584
2023-06-30,1.086803,1.093374,1.083647,1.086803
2023-07-03,1.09075,1.093135,1.087181,1.09075
2023-07-04,1.09131,1.091822,1.089075,1.09131
2023-07-05,1.088495,1.09062,1.086508,1.088495
2023-07-06,1.085658,1.090156,1.083435,1.085658
2023-07-07,1.089064,1.096467,1.086862,1.089064
2023-07-10,1.096972,1.099276,1.094451,1.096972
2023-07-11,1.10059,1.10256,1.097864,1.10059
2023-07-12,1.10141,1.11259,1.10129,1.10141
2023-07-13,1.11445,1.11962,1.11307,1.11445
2023-07-14,1.12235,1.12448,1.12061,1.12235
2023-07-17,1.12278,1.12511,1.12055,1.12278
2023-07-18,1.12376,1.12757,1.12201,1.12376
2023-07-19,1.12289,1.12397,1.11763,1.12289
2023-07-20,1.12052,1.12296,1.11331,1.12052
2023-07-21,1.11371,1.1147,1.11096,1.11371
2023-07-24,1.11253,1.1145,1.10688,1.11253
2023-07-25,1.10632,1.10889,1.10221,1.10632
2023-07-26,1.10505,1.10865,1.10384,1.10505
2023-07-27,1.10784,1.1152,1.098491,1.10784
2023-07-28,1.097876,1.10468,1.094703,1.097876
2023-07-31,1.10243,1.10455,1.10062,1.10243
2023-08-01,1.099759,1.10023,1.095446,1.099759
2023-08-02,1.10079,1.10079,1.091977,1.10079
2023-08-03,1.094415,1.095398,1.091358,1.094415
2023-08-04,1.095158,1.10409,1.093625,1.095158
2023-08-07,1.10027,1.1012,1.096611,1.10027
2023-08-08,1.10032,1.10098,1.093099,1.10032
2023-08-09,1.09589,1.099433,1.09559,1.09589
2023-08-10,1.097767,1.10584,1.096804,1.097767
2023-08-11,1.098165,1.10044,1.095182,1.098165
2023-08-14,1.094439,1.096035,1.087749,1.094439
2023-08-15,1.090988,1.094966,1.090085,1.090988
2023-08-16,1.090417,1.09347,1.089776,1.090417
2023-08-17,1.087488,1.091727,1.086236,1.087488
2023-08-18,1.087465,1.089562,1.084646,1.087465
2023-08-21,1.087559,1.091358,1.087063,1.087559
2023-08-22,1.089835,1.0932,1.0834,1.089835
2023-08-23,1.084669,1.087051,1.080299,1.084669
2023-08-24,1.086579,1.08769,1.081549,1.086579
2023-08-25,1.079914,1.083976,1.07667,1.079914
2023-08-28,1.079739,1.082134,1.079739,1.079739
2023-08-29,1.082556,1.08567,1.078353,1.082556
2023-08-30,1.086921,1.094547,1.085611,1.086921
2023-08-31,1.093255,1.093972,1.083717,1.093255
2023-09-01,1.08441,1.08808,1.078586,1.08441
2023-09-04,1.077586,1.080906,1.0774,1.077586
2023-09-05,1.079447,1.079914,1.070755,1.079447
2023-09-06,1.072616,1.074818,1.070515,1.072616
2023-09-07,1.07242,1.073422,1.068764,1.07242
2023-09-08,1.069782,1.074206,1.069507,1.069782
2023-09-11,1.071811,1.075685,1.071146,1.071811
2023-09-12,1.075038,1.076264,1.070618,1.075038
2023-09-13,1.075327,1.076542,1.071742,1.075327
2023-09-14,1.073422,1.0755,1.065507,1.073422
2023-09-15,1.063717,1.068764,1.063468,1.063717
2023-09-18,1.066826,1.069816,1.065632,1.066826
2023-09-19,1.069267,1.071926,1.067635,1.069267
2023-09-20,1.068205,1.072697,1.067578,1.068205
2023-09-21,1.065303,1.067361,1.061909,1.065303
2023-09-22,1.066155,1.067156,1.061526,1.066155
2023-09-25,1.064849,1.065542,1.057731,1.064849
2023-09-26,1.059165,1.060895,1.056814,1.059165
2023-09-27,1.056948,1.057373,1.050906,1.056948
2023-09-28,1.050531,1.057865,1.049186,1.050531
2023-09-29,1.056245,1.061797,1.055855,1.056245
2023-10-02,1.056524,1.059098,1.049274,1.056524
2023-10-03,1.048075,1.049428,1.044987,1.048075
2023-10-04,1.04723,1.053241,1.045369,1.04723
2023-10-05,1.050707,1.053685,1.050089,1.050707
2023-10-06,1.054663,1.059816,1.048394,1.054663
2023-10-09,1.056747,1.057641,1.052144,1.056747
2023-10-10,1.057888,1.061954,1.055598,1.057888
2023-10-11,1.060479,1.063355,1.059277,1.060479
2023-10-12,1.062428,1.063909,1.054596,1.062428
2023-10-13,1.053674,1.055855,1.049615,1.053674
2023-10-16,1.052155,1.055465,1.051635,1.052155
2023-10-17,1.055431,1.0595,1.053341,1.055431
2023-10-18,1.057306,1.059547,1.052709,1.057306
2023-10-19,1.053852,1.058537,1.052886,1.053852
2023-10-20,1.058649,1.060108,1.05658,1.058649
2023-10-23,1.058997,1.064736,1.057183,1.058997
2023-10-24,1.066985,1.06905,1.058425,1.066985
2023-10-25,1.059535,1.06067,1.05668,1.059535
2023-10-26,1.056725,1.056971,1.052632,1.056725
2023-10-27,1.056446,1.059771,1.05363,1.056446
2023-10-30,1.056245,1.0626,1.054841,1.056245
2023-10-31,1.061504,1.066906,1.056759,1.061504
2023-11-01,1.05791,1.058078,1.052288,1.05791
2023-11-02,1.058705,1.067008,1.058425,1.058705
2023-11-03,1.061909,1.0737,1.061549,1.061909
2023-11-06,1.073215,1.0757,1.07234,1.073215
2023-11-07,1.072156,1.072156,1.066473,1.072156
2023-11-08,1.06961,1.071605,1.066064,1.06961
2023-11-09,1.071042,1.0728,1.068148,1.071042
2023-11-10,1.066758,1.069256,1.065769,1.066758
2023-11-13,1.069016,1.070549,1.066553,1.069016
2023-11-14,1.070183,1.08672,1.069359,1.070183
2023-11-15,1.087831,1.088732,1.083295,1.087831
2023-11-16,1.085458,1.089396,1.083095,1.085458
2023-11-17,1.085376,1.08923,1.08252,1.085376
2023-11-20,1.090703,1.094511,1.0898,1.090703
2023-11-21,1.094595,1.096732,1.092299,1.094595
2023-11-22,1.091822,1.092252,1.085458,1.091822
2023-11-23,1.089087,1.092705,1.088803,1.089087
2023-11-24,1.090631,1.094415,1.089562,1.090631
2023-11-27,1.094044,1.095926,1.092586,1.094044
2023-11-28,1.095842,1.10072,1.093506,1.095842
2023-11-29,1.10059,1.10169,1.096119,1.10059
2023-11-30,1.09737,1.098539,1.089491,1.09737
2023-12-01,1.089206,1.091346,1.083154,1.089206
2023-12-04,1.088815,1.088815,1.080567,1.088815
2023-12-05,1.083776,1.084834,1.07826,1.083776
2023-12-06,1.079366,1.080369,1.077319,1.079366
2023-12-07,1.07667,1.07968,1.075766,1.07667
2023-12-08,1.079214,1.080054,1.073146,1.079214
2023-12-11,1.076577,1.077935,1.074322,1.076577
2023-12-12,1.076658,1.082204,1.076183,1.076658
2023-12-13,1.079867,1.080824,1.0774,1.079867
2023-12-14,1.088613,1.10041,1.088021,1.088613
2023-12-15,1.09936,1.10059,1.090227,1.09936
2023-12-18,1.089526,1.093004,1.089455,1.089526
2023-12-19,1.092383,1.0988,1.091608,1.092383
2023-12-20,1.098105,1.098105,1.093565,1.098105
2023-12-21,1.094571,1.099977,1.093625,1.094571
2023-12-22,1.10062,1.10406,1.099421,1.10062
2023-12-25,1.10266,1.10424,1.099989,1.10266
2023-12-26,1.10203,1.104,1.10096,1.10203
2023-12-27,1.1043,1.11225,1.10292,1.1043
2023-12-28,1.11086,1.11395,1.1071,1.11086
2023-12-29,1.10682,1.10865,1.10433,1.10682
2024-01-01,1.10558,1.10558,1.104,1.10558
2024-01-02,1.10387,1.10461,1.0942,1.10387
2024-01-03,1.094176,1.0967,1.089871,1.094176
2024-01-04,1.092777,1.097021,1.091703,1.092777
2024-01-05,1.094739,1.099638,1.087985,1.094739
2024-01-08,1.094224,1.097815,1.092454,1.094224
2024-01-09,1.09517,1.096732,1.091262,1.09517
2024-01-10,1.093243,1.096972,1.092335,1.093243
2024-01-11,1.097514,1.099143,1.093147,1.097514
2024-01-12,1.098165,1.09866,1.093709,1.098165
2024-01-15,1.094571,1.09589,1.09341,1.094571
2024-01-16,1.094571,1.094667,1.086708,1.094571
2024-01-17,1.087879,1.088495,1.08454,1.087879
2024-01-18,1.088578,1.09075,1.084869,1.088578
2024-01-19,1.087914,1.089265,1.086827,1.087914
2024-01-22,1.08923,1.090988,1.088033,1.08923
2024-01-23,1.088021,1.091822,1.082427,1.088021
2024-01-24,1.085788,1.093147,1.085187,1.085788
2024-01-25,1.088175,1.090037,1.082614,1.088175
2024-01-26,1.084705,1.088329,1.081338,1.084705
2024-01-29,1.084352,1.084975,1.079715,1.084352
2024-01-30,1.083447,1.085564,1.081268,1.083447
2024-01-31,1.08434,1.088566,1.080766,1.08434
2024-02-01,1.080392,1.086555,1.078028,1.080392
2024-02-02,1.087465,1.0898,1.078307,1.087465
2024-02-05,1.078004,1.078749,1.072466,1.078004
2024-02-06,1.074183,1.07631,1.072455,1.074183
2024-02-07,1.07572,1.078435,1.075639,1.07572
2024-02-08,1.077575,1.078981,1.07431,1.077575
2024-02-09,1.077726,1.079447,1.076391,1.077726
2024-02-12,1.07982,1.080544,1.075766,1.07982
2024-02-13,1.077226,1.079564,1.070205,1.077226
2024-02-14,1.070893,1.073445,1.069553,1.070893
2024-02-15,1.073215,1.078632,1.072524,1.073215
2024-02-16,1.077389,1.078051,1.073445,1.077389
2024-02-19,1.078446,1.078981,1.076299,1.078493
2024-02-20,1.07754,1.083858,1.076252,1.07754
2024-02-21,1.081315,1.082251,1.079191,1.081315
2024-02-22,1.08204,1.088625,1.080509,1.08204
2024-02-23,1.082567,1.08394,1.081373,1.082567
2024-02-26,1.081958,1.085906,1.081338,1.082005
2024-02-27,1.085093,1.086614,1.083365,1.085093
2024-02-28,1.084481,1.084716,1.079867,1.084481
2024-02-29,1.083882,1.085588,1.080567,1.083882
2024-03-01,1.080497,1.084152,1.079925,1.080497
2024-03-04,1.084269,1.086649,1.083858,1.084269
2024-03-05,1.085517,1.087536,1.084269,1.085517
2024-03-06,1.0856,1.091405,1.084293,1.0856
2024-03-07,1.089954,1.094092,1.086933,1.089954
2024-03-08,1.095014,1.097803,1.092705,1.095014
2024-03-11,1.094296,1.09505,1.091465,1.094296
2024-03-12,1.093135,1.094212,1.090322,1.093135
2024-03-13,1.092777,1.094931,1.092049,1.092777
2024-03-14,1.09553,1.09553,1.088412,1.09553
2024-03-15,1.088341,1.090156,1.087382,1.088341
2024-03-18,1.088258,1.09075,1.08808,1.088258
2024-03-19,1.087394,1.087784,1.083506,1.087394
2024-03-20,1.086331,1.087429,1.083694,1.086331
2024-03-21,1.093721,1.094451,1.085647,1.093721
2024-03-22,1.086236,1.086957,1.080906,1.086236
2024-03-25,1.080754,1.084363,1.080264,1.080754
2024-03-26,1.083823,1.086413,1.082603,1.083823
2024-03-27,1.083236,1.083929,1.081175,1.083236
2024-03-28,1.081338,1.082837,1.077551,1.081338
2024-03-29,1.079447,1.080731,1.07689,1.079447
2024-04-01,1.079273,1.080147,1.073157,1.079273
2024-04-02,1.073722,1.077877,1.072536,1.073722
2024-04-03,1.076855,1.083189,1.076473,1.076855
2024-04-04,1.083835,1.087583,1.083506,1.083835
2024-04-05,1.083705,1.084846,1.079168,1.083705
2024-04-08,1.083048,1.085835,1.082157,1.083048
2024-04-09,1.086366,1.08885,1.084987,1.086366
2024-04-10,1.08593,1.086838,1.073376,1.08593
2024-04-11,1.074172,1.075581,1.070045,1.074172
2024-04-12,1.072685,1.072961,1.062372,1.072685
2024-04-15,1.064963,1.066553,1.062361,1.064963
2024-04-16,1.062575,1.065405,1.060412,1.062575
2024-04-17,1.062146,1.065269,1.060817,1.062146
2024-04-18,1.06694,1.069176,1.064781,1.06694
2024-04-19,1.064419,1.068034,1.061177,1.064419
2024-04-22,1.06578,1.067122,1.062507,1.065825
2024-04-23,1.065405,1.070996,1.063932,1.065405
2024-04-24,1.070435,1.071582,1.06792,1.070435
2024-04-25,1.069988,1.073192,1.067874,1.069988
2024-04-26,1.072961,1.075292,1.067555,1.072961
2024-04-29,1.070687,1.073537,1.069096,1.070687
2024-04-30,1.07157,1.073653,1.068433,1.07157
2024-05-01,1.066655,1.068867,1.065008,1.066655
2024-05-02,1.072156,1.073076,1.067578,1.072156
2024-05-03,1.073307,1.080941,1.072501,1.073307
2024-05-06,1.075812,1.079214,1.075639,1.075812
2024-05-07,1.076751,1.078981,1.075581,1.076751
2024-05-08,1.075049,1.075847,1.073572,1.075049
2024-05-09,1.074691,1.078283,1.072513,1.074691
2024-05-10,1.078516,1.079331,1.076206,1.078516
2024-05-13,1.077041,1.080731,1.076646,1.077041
2024-05-14,1.079354,1.082837,1.077644,1.079354
2024-05-15,1.081455,1.087429,1.081362,1.081455
2024-05-16,1.088981,1.089681,1.085517,1.088981
2024-05-17,1.086779,1.087891,1.083635,1.086779
2024-05-20,1.087548,1.088495,1.085505,1.087548
2024-05-21,1.086083,1.087548,1.084599,1.086083
2024-05-22,1.085517,1.086484,1.082251,1.085517
2024-05-23,1.08252,1.08613,1.081303,1.08252
2024-05-24,1.081268,1.085658,1.080614,1.081268
2024-05-27,1.084763,1.08672,1.084175,1.084763
2024-05-28,1.086189,1.088945,1.085906,1.086189
2024-05-29,1.085187,1.085894,1.080953,1.085187
2024-05-30,1.080182,1.084599,1.0789,1.080182
2024-05-31,1.083541,1.088258,1.081163,1.083541
2024-06-03,1.085305,1.089087,1.082802,1.085305
2024-06-04,1.090739,1.091822,1.086071,1.090739
2024-06-05,1.088187,1.088992,1.086095,1.088187
2024-06-06,1.087453,1.089871,1.086366,1.087453
2024-06-07,1.089443,1.09018,1.080497,1.089443
2024-06-10,1.077888,1.078283,1.073364,1.077888
2024-06-11,1.076426,1.077354,1.07211,1.076426
2024-06-12,1.074033,1.085175,1.073503,1.074033
2024-06-13,1.081315,1.081783,1.075384,1.081315
2024-06-14,1.073883,1.074576,1.066815,1.073883
2024-06-17,1.070217,1.072616,1.068764,1.070217
2024-06-18,1.074068,1.076125,1.071111,1.074068
2024-06-19,1.074229,1.075327,1.072628,1.074229
2024-06-20,1.075153,1.075153,1.070755,1.075153
2024-06-21,1.070641,1.072271,1.06719,1.070641
2024-06-24,1.068776,1.074703,1.068444,1.068776
2024-06-25,1.073272,1.074576,1.069221,1.073272
2024-06-26,1.070962,1.072041,1.066769,1.070962
2024-06-27,1.068011,1.072616,1.067783,1.068011
2024-06-28,1.070847,1.072099,1.068604,1.070847
2024-07-01,1.073526,1.077819,1.072076,1.073526
2024-07-02,1.07371,1.07461,1.071065,1.07371
2024-07-03,1.074841,1.08156,1.07371,1.074841
2024-07-04,1.079331,1.081666,1.078423,1.079331
2024-07-05,1.081069,1.083835,1.081069,1.081069
2024-07-08,1.082603,1.084716,1.081514,1.082603
2024-07-09,1.083095,1.083424,1.080625,1.083095
2024-07-10,1.081479,1.082872,1.081186,1.081479
2024-07-11,1.08333,1.089835,1.083295,1.08333
2024-07-12,1.087276,1.091119,1.086307,1.087276
2024-07-15,1.088554,1.092192,1.088435,1.088554
2024-07-16,1.090156,1.090631,1.087216,1.090156
2024-07-17,1.090251,1.094715,1.089633,1.090251
2024-07-18,1.09402,1.094212,1.090536,1.09402
2024-07-19,1.090156,1.090156,1.087737,1.090156
2024-07-22,1.089918,1.090156,1.08737,1.089918
2024-07-23,1.088981,1.090037,1.084446,1.088981
2024-07-24,1.085069,1.086649,1.082673,1.085069
2024-07-25,1.083952,1.086437,1.082931,1.083952
2024-07-26,1.085128,1.08685,1.084269,1.085128
2024-07-29,1.085376,1.087193,1.08031,1.085376
2024-07-30,1.081947,1.083776,1.079995,1.081947
2024-07-31,1.081607,1.085187,1.080871,1.081607
2024-08-01,1.082392,1.083776,1.07783,1.082392
2024-08-02,1.07876,1.092622,1.078295,1.07876
2024-08-05,1.091084,1.10074,1.089372,1.091084
2024-08-06,1.095098,1.096311,1.090465,1.095098
2024-08-07,1.092622,1.093637,1.090691,1.092622
2024-08-08,1.092813,1.094691,1.088234,1.092813
2024-08-09,1.091572,1.093135,1.090965,1.091572
2024-08-12,1.091381,1.093972,1.091334,1.091381
2024-08-13,1.093625,1.096251,1.091572,1.093625
2024-08-14,1.099699,1.10485,1.098829,1.099699
2024-08-15,1.10132,1.10169,1.09505,1.10132
2024-08-16,1.097273,1.10044,1.097273,1.097273
2024-08-19,1.1025,1.10726,1.10239,1.1025
2024-08-20,1.10865,1.11173,1.10725,1.10865
2024-08-21,1.11279,1.11483,1.11056,1.11279
2024-08-22,1.11554,1.11575,1.10993,1.11554
2024-08-23,1.11172,1.1196,1.11068,1.11172
2024-08-26,1.11879,1.12011,1.11529,1.11879
2024-08-27,1.11647,1.11796,1.11513,1.11647
2024-08-28,1.11779,1.11819,1.11054,1.11779
2024-08-29,1.1125,1.11402,1.10563,1.1125
2024-08-30,1.10805,1.10957,1.1054,1.10805
2024-09-02,1.10448,1.10776,1.10425,1.10448
2024-09-03,1.10675,1.10705,1.10338,1.10675
2024-09-04,1.10489,1.1094,1.10408,1.10489
2024-09-05,1.10805,1.11211,1.10752,1.10805
2024-09-06,1.11111,1.11496,1.10672,1.11111
2024-09-09,1.10872,1.10914,1.1035,1.10872
2024-09-10,1.10375,1.10503,1.10162,1.10375
2024-09-11,1.1021,1.1055,1.10028,1.1021
2024-09-12,1.10109,1.10475,1.10065,1.10109
2024-09-13,1.10779,1.11025,1.1074,1.10779
2024-09-16,1.10884,1.11354,1.10871,1.10884
2024-09-17,1.11295,1.11462,1.11131,1.11295
2024-09-18,1.11231,1.11408,1.11091,1.11231
2024-09-19,1.11148,1.11807,1.10705,1.11148
2024-09-20,1.1162,1.11817,1.11373,1.1162
2024-09-23,1.11608,1.11682,1.10849,1.11608
2024-09-24,1.11117,1.11635,1.1104,1.11117
2024-09-25,1.11912,1.12124,1.11417,1.11912
2024-09-26,1.1131,1.11896,1.11268,1.1131
2024-09-27,1.11772,1.11998,1.11266,1.11772
2024-09-30,1.11698,1.12084,1.11361,1.11698
2024-10-01,1.11366,1.11458,1.10611,1.11366
2024-10-02,1.10639,1.10822,1.10341,1.10639
2024-10-03,1.10485,1.10485,1.10096,1.10485
2024-10-04,1.10356,1.104,1.095614,1.10356
2024-10-07,1.097454,1.098503,1.095554,1.097454
2024-10-08,1.097574,1.099747,1.096167,1.097574
2024-10-09,1.097574,1.098056,1.094068,1.097574
2024-10-10,1.094331,1.095446,1.091405,1.094331
2024-10-11,1.093386,1.095422,1.092741,1.093386
2024-10-14,1.092538,1.093972,1.090572,1.092538
2024-10-15,1.090917,1.091822,1.088578,1.090917
2024-10-16,1.088412,1.090156,1.086815,1.088412
2024-10-17,1.086248,1.086992,1.081385,1.086248
2024-10-18,1.082954,1.086366,1.082825,1.082954
2024-10-21,1.086862,1.086957,1.082111,1.086862
2024-10-22,1.081783,1.083776,1.080194,1.081783
2024-10-23,1.079727,1.080847,1.076264,1.079727
2024-10-24,1.078051,1.081023,1.077157,1.078051
2024-10-25,1.082415,1.084246,1.081186,1.082415
2024-10-28,1.079657,1.08272,1.078272,1.079657
2024-10-29,1.081677,1.082626,1.077041,1.081677
2024-10-30,1.082064,1.086673,1.080999,1.082064
2024-10-31,1.085918,1.088838,1.084505,1.085918
2024-11-01,1.088613,1.090405,1.084846,1.088613
2024-11-04,1.087453,1.091584,1.087039,1.087453
2024-11-05,1.087406,1.09218,1.087335,1.087406
2024-11-06,1.093446,1.093446,1.068376,1.093446
2024-11-07,1.073307,1.082603,1.071409,1.073307
2024-11-08,1.079517,1.079739,1.071042,1.079517
2024-11-11,1.07149,1.072846,1.06288,1.07149
2024-11-12,1.066439,1.066439,1.059704,1.066439
2024-11-13,1.061673,1.064906,1.055977,1.061673
2024-11-14,1.056412,1.058089,1.049924,1.056412
2024-11-15,1.053008,1.059165,1.052443,1.053008
2024-11-18,1.053375,1.058649,1.053119,1.053375
2024-11-19,1.05949,1.060108,1.052853,1.05949
2024-11-20,1.06076,1.061233,1.050851,1.06076
2024-11-21,1.054619,1.055743,1.046912,1.054619
2024-11-22,1.046934,1.049869,1.033987,1.046934
2024-11-25,1.047987,1.052964,1.044954,1.047987
2024-11-26,1.04443,1.054385,1.042731,1.04443
2024-11-27,1.04912,1.058347,1.047548,1.04912
2024-11-28,1.056245,1.056524,1.05292,1.056245
2024-11-29,1.056301,1.059547,1.054296,1.056301
2024-12-02,1.054574,1.054574,1.046222,1.054507
2024-12-03,1.050122,1.053031,1.048185,1.050122
2024-12-04,1.051083,1.054007,1.047395,1.051083
2024-12-05,1.051414,1.058828,1.050895,1.051414
2024-12-06,1.05856,1.062643,1.054608,1.05856
2024-12-09,1.056546,1.059277,1.053308,1.056546
2024-12-10,1.05552,1.056747,1.050034,1.05552
2024-12-11,1.053297,1.054074,1.048163,1.053297
2024-12-12,1.050685,1.052997,1.046485,1.050685
2024-12-13,1.047406,1.052299,1.045435,1.047406
2024-12-16,1.051005,1.05241,1.047504,1.051005
2024-12-17,1.051735,1.053286,1.047998,1.051735
2024-12-18,1.049505,1.051525,1.046781,1.049505
2024-12-19,1.035025,1.04222,1.035025,1.035025
2024-12-20,1.036495,1.043308,1.034426,1.036495
2024-12-23,1.043308,1.044823,1.038594,1.043308
2024-12-24,1.040583,1.041124,1.038745,1.040583
2024-12-25,1.040258,1.043297,1.04015,1.040258
2024-12-26,1.039955,1.042535,1.039145,1.039955
2024-12-27,1.042318,1.044495,1.040669,1.042318
2024-12-30,1.042938,1.04585,1.03742,1.042938
2024-12-31,1.040615,1.042427,1.034854,1.040615
2025-01-02,1.035186,1.03756,1.023185,1.035186
2025-01-03,1.026821,1.030535,1.026546,1.026821
2025-01-06,1.030535,1.043504,1.029633,1.030535
2025-01-07,1.038637,1.043623,1.035947,1.038637
2025-01-08,1.034554,1.03584,1.027675,1.034554
2025-01-09,1.03147,1.032311,1.028616,1.03147
2025-01-10,1.02976,1.031194,1.022119,1.02976
2025-01-13,1.024443,1.025021,1.018382,1.024443
2025-01-14,1.026525,1.030397,1.023971,1.026525
2025-01-15,1.030684,1.035025,1.027063,1.030684
2025-01-16,1.029527,1.031151,1.026378,1.029527
2025-01-17,1.030195,1.032972,1.026652,1.030195
2025-01-20,1.027739,1.042731,1.027739,1.027739
2025-01-21,1.042068,1.043406,1.034458,1.042068
2025-01-22,1.040594,1.045806,1.040074,1.040594
2025-01-23,1.041016,1.042546,1.038562,1.041016
2025-01-24,1.041602,1.051934,1.04132,1.041602
2025-01-27,1.046759,1.053375,1.045435,1.046759
2025-01-28,1.044506,1.045577,1.041526,1.044506
2025-01-29,1.042905,1.044495,1.038346,1.042905
2025-01-30,1.042525,1.046551,1.039134,1.042525
2025-01-31,1.039728,1.041233,1.036205,1.039728
2025-02-03,1.024779,1.032652,1.021304,1.024779
2025-02-04,1.032738,1.03868,1.027654,1.032738
2025-02-05,1.03728,1.043645,1.037043,1.03728
2025-02-06,1.040085,1.040529,1.035454,1.040085
2025-02-07,1.038573,1.040594,1.032461,1.038573
2025-02-10,1.031162,1.033602,1.029951,1.031162
2025-02-11,1.030153,1.035197,1.029273,1.030153
2025-02-12,1.036495,1.039566,1.031821,1.036495
2025-02-13,1.039199,1.044572,1.037926,1.039199
2025-02-14,1.046167,1.05137,1.044812,1.046167
2025-02-17,1.048922,1.050707,1.046737,1.048922
2025-02-18,1.048537,1.048647,1.044277,1.048537
2025-02-19,1.044834,1.046244,1.040507,1.044834
2025-02-20,1.042101,1.047878,1.041971,1.042101
2025-02-21,1.050056,1.050751,1.044998,1.050056
2025-02-24,1.047482,1.052864,1.045435,1.047482
2025-02-25,1.046134,1.051845,1.045795,1.046134
2025-02-26,1.05241,1.052742,1.047647,1.05241
2025-02-27,1.048878,1.048988,1.040485,1.048878
2025-02-28,1.039512,1.042101,1.038184,1.039512
2025-03-03,1.041385,1.050023,1.039047,1.041385
2025-03-04,1.048504,1.055955,1.047175,1.048504
2025-03-05,1.062699,1.078586,1.060288,1.062699
2025-03-06,1.079494,1.085105,1.078249,1.079494
2025-03-07,1.078795,1.088566,1.078214,1.078795
2025-03-10,1.086059,1.087347,1.080625,1.086059
2025-03-11,1.08394,1.093028,1.083682,1.08394
2025-03-12,1.091417,1.093458,1.087725,1.091417
2025-03-13,1.088625,1.089918,1.082298,1.088625
2025-03-14,1.085564,1.091012,1.08313,1.085564
2025-03-17,1.088127,1.092896,1.086921,1.088127
2025-03-18,1.091918,1.095446,1.089704,1.091918
2025-03-19,1.093948,1.094571,1.087595,1.093948
2025-03-20,1.091191,1.091751,1.08183,1.091191
2025-03-21,1.08567,1.08613,1.080567,1.08567
2025-03-24,1.083576,1.085694,1.079075,1.083576
2025-03-25,1.080357,1.083072,1.077865,1.080357
2025-03-26,1.078749,1.080229,1.076878,1.078749
2025-03-27,1.074206,1.081876,1.074206,1.074206
2025-03-28,1.0801,1.084528,1.076589,1.0801
2025-03-31,1.082392,1.084846,1.078574,1.082392
2025-04-01,1.081888,1.083072,1.077958,1.081888
2025-04-02,1.079599,1.087264,1.078202,1.079599
2025-04-03,1.090869,1.11334,1.088246,1.090869
2025-04-04,1.10437,1.11075,1.096479,1.10437
2025-04-07,1.098454,1.10498,1.090322,1.098454
2025-04-08,1.091536,1.099191,1.089194,1.091536
2025-04-09,1.098044,1.10948,1.097225,1.098044
2025-04-10,1.095206,1.12254,1.095206,1.095206
2025-04-11,1.12578,1.14718,1.12509,1.12578
2025-04-14,1.13431,1.14248,1.12997,1.13431
2025-04-15,1.13397,1.13779,1.12857,1.13397
2025-04-16,1.12927,1.13902,1.12927,1.12927
2025-04-17,1.13968,1.13968,1.13413,1.13968
2025-04-22,1.15128,1.15465,1.1454,1.15128
2025-04-23,1.13513,1.14401,1.1338,1.13513
2025-04-24,1.13273,1.13943,1.13223,1.13273
2025-04-25,1.13719,1.13843,1.13162,1.13719
2025-04-28,1.13431,1.14082,1.13311,1.13431
2025-04-29,1.14091,1.14196,1.13714,1.14091
2025-04-30,1.13893,1.13989,1.13271,1.13893
2025-05-01,1.13249,1.1341,1.1267,1.13249
2025-05-02,1.12965,1.13786,1.12752,1.12965
2025-05-05,1.13232,1.13645,1.13129,1.13232
2025-05-06,1.13134,1.13612,1.12812,1.13134
2025-05-07,1.13428,1.13777,1.13271,1.13428
2025-05-08,1.13062,1.13367,1.12361,1.13062
2025-05-09,1.12242,1.12911,1.11998,1.12242
2025-05-12,1.12296,1.12429,1.10751,1.12296
2025-05-13,1.10956,1.11774,1.10956,1.10956
2025-05-14,1.11856,1.12646,1.11824,1.11856
2025-05-15,1.11819,1.12278,1.11748,1.11819
2025-05-16,1.11927,1.12199,1.11414,1.11927
2025-05-19,1.11876,1.1286,1.11736,1.11876
2025-05-20,1.12334,1.12773,1.12187,1.12334
2025-05-21,1.1288,1.13623,1.12874,1.1288
2025-05-22,1.13312,1.13446,1.12671,1.13312
2025-05-23,1.12818,1.13766,1.12799,1.12818
2025-05-26,1.13728,1.14189,1.13693,1.13728
2025-05-27,1.13885,1.1409,1.13252,1.13885
2025-05-28,1.13371,1.13456,1.12843,1.13371
2025-05-29,1.12337,1.13695,1.12271,1.12337
2025-05-30,1.13784,1.13904,1.13144,1.13784
2025-06-02,1.13533,1.14491,1.13533,1.13533
2025-06-03,1.14534,1.14551,1.13676,1.14534
2025-06-04,1.13845,1.14346,1.13594,1.13845
2025-06-05,1.1422,1.14943,1.14061,1.1422
2025-06-06,1.14538,1.14587,1.13723,1.14538
2025-06-09,1.14078,1.14403,1.13876,1.14078
2025-06-10,1.1428,1.14483,1.13746,1.1428
2025-06-11,1.14375,1.1491,1.1406,1.14375
2025-06-12,1.15093,1.16287,1.15028,1.15093
2025-06-13,1.16003,1.16121,1.14929,1.16003
2025-06-16,1.15567,1.16148,1.15249,1.15567
2025-06-17,1.15513,1.15741,1.15125,1.15513
2025-06-18,1.14826,1.153,1.14824,1.14826
2025-06-19,1.14775,1.14869,1.14485,1.14775
2025-06-20,1.15128,1.15346,1.14961,1.15128
2025-06-23,1.15009,1.15517,1.14555,1.15009
2025-06-24,1.1599,1.16359,1.15829,1.1599
2025-06-25,1.16122,1.16314,1.1591,1.16122
2025-06-26,1.16837,1.17434,1.16686,1.16837
2025-06-27,1.16922,1.17509,1.16843,1.16922
2025-06-30,1.17275,1.17716,1.17091,1.17275
2025-07-01,1.17872,1.18303,1.17678,1.17872
2025-07-02,1.18055,1.18103,1.17464,1.17982
2025-07-03,1.17991,1.18107,1.17169,1.17565
2025-07-04,1.17577,1.17877,1.17499,1.17667
2025-07-05,1.17702,1.17702,1.17702,1.17702
2025-07-07,1.17806,1.17902,1.16869,1.1708
2025-07-08,1.17079,1.17651,1.16827,1.17248
2025-07-09,1.17246,1.17291,1.16895,1.17185
2025-07-10,1.17167,1.17495,1.16704,1.17005
2025-07-11,1.17006,1.17144,1.16647,1.16843
2025-07-12,1.1688,1.1688,1.1688,1.1688
2025-07-14,1.16648,1.16985,1.16536,1.1665
2025-07-15,1.16663,1.16927,1.15925,1.16019
2025-07-16,1.16007,1.17227,1.15621,1.16375
2025-07-17,1.16376,1.16423,1.15559,1.15961
2025-07-18,1.1594,1.16731,1.15899,1.16195
2025-07-19,1.16207,1.16207,1.16207,1.16207
2025-07-21,1.16268,1.17168,1.16143,1.16931
2025-07-22,1.1693,1.1761,1.16789,1.17539
2025-07-23,1.17538,1.1775,1.17108,1.17697
2025-07-24,1.17663,1.17885,1.17308,1.17465
2025-07-25,1.17427,1.17608,1.17032,1.17402
2025-07-26,1.17401,1.17409,1.17401,1.17409
2025-07-28,1.17551,1.17701,1.15852,1.1588
2025-07-29,1.15877,1.1599,1.15187,1.15466
2025-07-30,1.15458,1.15725,1.13998,1.14046
2025-07-31,1.1408,1.14614,1.14014,1.14149
2025-08-01,1.14146,1.15977,1.13914,1.15839
2025-08-02,1.15831,1.15904,1.15831,1.15904
2025-08-04,1.15837,1.15905,1.15492,1.1572
2025-08-05,1.15687,1.15888,1.15276,1.15758
2025-08-06,1.15737,1.16687,1.1564,1.16596
2025-08-07,1.16593,1.16989,1.16128,1.1665
2025-08-08,1.1665,1.168,1.1628,1.16366
2025-08-09,1.16401,1.16401,1.16401,1.16401
2025-08-11,1.16475,1.16763,1.15896,1.16159
2025-08-12,1.16157,1.16975,1.15986,1.16755
2025-08-13,1.1676,1.17311,1.16664,1.17061
2025-08-14,1.17063,1.17163,1.16304,1.16482
2025-08-15,1.16481,1.1716,1.16455,1.16902
2025-08-16,1.16901,1.17013,1.16901,1.17013
2025-08-18,1.17144,1.17149,1.16563,1.16612
2025-08-19,1.16609,1.16934,1.16385,1.16471
2025-08-20,1.16509,1.16743,1.16215,1.16526
2025-08-21,1.1653,1.16632,1.16006,1.16063
2025-08-22,1.1606,1.17432,1.15823,1.17152
2025-08-23,1.17152,1.17152,1.17152,1.17152
2025-08-25,1.17135,1.17215,1.16029,1.16189
2025-08-26,1.16255,1.16648,1.16027,1.16417
2025-08-27,1.16475,1.16529,1.15744,1.16387
2025-08-28,1.16379,1.16978,1.16274,1.16825
2025-08-29,1.16816,1.1709,1.16505,1.1683
2025-08-30,1.1683,1.1683,1.1683,1.1683
2025-09-01,1.16884,1.17369,1.16862,1.17107
2025-09-02,1.17106,1.17188,1.16103,1.16416
2025-09-03,1.16386,1.16818,1.1608,1.16603
2025-09-04,1.16613,1.167,1.16295,1.16488
2025-09-05,1.16491,1.17596,1.16456,1.17108
2025-09-06,1.17108,1.17108,1.17108,1.17108
2025-09-08,1.1706,1.17658,1.17049,1.17627
2025-09-09,1.1763,1.1781,1.17038,1.17085
2025-09-10,1.17088,1.17305,1.1691,1.16951
2025-09-11,1.16946,1.17459,1.16601,1.17339
2025-09-12,1.17339,1.17476,1.17014,1.17328
2025-09-13,1.17328,1.17328,1.17328,1.17328
2025-09-15,1.17283,1.17744,1.17162,1.1761
2025-09-16,1.1761,1.18782,1.17574,1.1867
2025-09-17,1.18668,1.19183,1.18078,1.18128
2025-09-18,1.18122,1.18482,1.17503,1.17859
2025-09-19,1.17849,1.17924,1.17288,1.17442
2025-09-20,1.17442,1.17442,1.17442,1.17442
2025-09-22,1.17408,1.18037,1.17261,1.18034
2025-09-23,1.18027,1.18198,1.17785,1.18152
2025-09-24,1.18152,1.18188,1.17283,1.17375
2025-09-25,1.17376,1.17539,1.16454,1.16653
2025-09-26,1.16653,1.17072,1.1657,1.17009
2025-09-27,1.17009,1.17009,1.17009,1.17009
2025-09-29,1.17042,1.17544,1.17038,1.17266
2025-09-30,1.17266,1.17615,1.17123,1.1733
2025-10-01,1.17331,1.17786,1.17155,1.17237
2025-10-02,1.17237,1.17582,1.16833,1.17153
2025-10-03,1.17153,1.17586,1.17137,1.17384
2025-10-04,1.17384,1.17423,1.17384,1.17423
2025-10-06,1.17243,1.17307,1.16517,1.17107
2025-10-07,1.17105,1.17206,1.16477,1.16502
2025-10-08,1.16503,1.16645,1.15985,1.1628
2025-10-09,1.16278,1.1648,1.15421,1.15595
2025-10-10,1.15593,1.16305,1.1559,1.16126
2025-10-11,1.16128,1.16285,1.16039,1.16131
2025-10-13,1.15934,1.16296,1.15574,1.15662
2025-10-14,1.15661,1.16147,1.15427,1.16055
2025-10-15,1.16055,1.16468,1.15999,1.16445
2025-10-16,1.16443,1.16941,1.16417,1.16889
2025-10-17,1.16888,1.17283,1.16568,1.16706
2025-10-18,1.16727,1.16727,1.16489,1.16508
2025-10-20,1.16566,1.16754,1.16384,1.16409
2025-10-21,1.1641,1.16551,1.15977,1.16006
2025-10-22,1.16009,1.16222,1.15769,1.16058
2025-10-23,1.16059,1.16225,1.15854,1.16158
2025-10-24,1.16167,1.16475,1.16015,1.16321
2025-10-25,1.16314,1.16355,1.16215,1.16246
2025-10-27,1.16308,1.16517,1.1618,1.16473
2025-10-28,1.16471,1.16681,1.1626,1.16521
2025-10-29,1.16521,1.16651,1.15782,1.15992
2025-10-30,1.15997,1.16345,1.15474,1.15648
2025-10-31,1.15648,1.15774,1.15219,1.15248
2025-11-01,1.15268,1.15392,1.15252,1.1535
2025-11-03,1.15301,1.15415,1.15051,1.15192
2025-11-04,1.15197,1.15333,1.14729,1.1479
2025-11-05,1.14783,1.14978,1.14689,1.14857
2025-11-06,1.14863,1.15524,1.14861,1.15446
2025-11-07,1.15446,1.15912,1.15295,1.15592
2025-11-08,1.15602,1.15672,1.1558,1.15661
2025-11-10,1.15582,1.1583,1.15409,1.15612
2025-11-11,1.15613,1.1605,1.15468,1.15843
2025-11-12,1.15853,1.15982,1.15634,1.15867
2025-11-13,1.15861,1.16553,1.15793,1.16356
2025-11-14,1.16352,1.16536,1.16068,1.16183
2025-11-15,1.16183,1.16239,1.16154,1.16154
2025-11-17,1.1621,1.1625,1.1582,1.15843
2025-11-18,1.1584,1.16081,1.15718,1.15861
2025-11-19,1.15857,1.15969,1.15189,1.1521
2025-11-20,1.15212,1.15495,1.15078,1.15376
2025-11-21,1.15379,1.1552,1.14912,1.15139
2025-11-22,1.15133,1.1521,1.15095,1.15125
2025-11-24,1.15121,1.15498,1.15024,1.15276
2025-11-25,1.15274,1.15855,1.1512,1.15851
2025-11-26,1.15849,1.16006,1.15495,1.1594
2025-11-27,1.15937,1.16136,1.15768,1.15958
2025-11-28,1.15956,1.16082,1.15554,1.16032
2025-11-29,1.1603,1.16048,1.1598,1.15993
2025-12-01,1.15938,1.16519,1.15903,1.16087
2025-12-02,1.16086,1.16239,1.15931,1.16239
2025-12-03,1.16238,1.16781,1.16197,1.16739
2025-12-04,1.16738,1.16825,1.16509,1.16528
2025-12-05,1.16528,1.16717,1.16297,1.16435
2025-12-06,1.16435,1.16481,1.16398,1.16431
2025-12-08,1.1641,1.16731,1.16171,1.16398
2025-12-09,1.16398,1.16575,1.16165,1.1628
2025-12-10,1.16281,1.16818,1.16226,1.16791
2025-12-11,1.16789,1.17625,1.16764,1.17413
2025-12-12,1.17413,1.17502,1.17193,1.17408
2025-12-13,1.1741,1.17468,1.17386,1.17402
2025-12-15,1.17387,1.17691,1.1728,1.17496
2025-12-16,1.17496,1.18017,1.17363,1.1758
2025-12-17,1.17582,1.17631,1.17046,1.17447
2025-12-18,1.17449,1.17596,1.17137,1.17248
2025-12-19,1.17249,1.17382,1.17041,1.17236
2025-12-20,1.17238,1.17258,1.17072,1.17091
2025-12-22,1.17175,1.17688,1.17069,1.17559
2025-12-23,1.17558,1.18021,1.17528,1.17908
2025-12-24,1.17908,1.18082,1.17809,1.17849
2025-12-25,1.17823,1.17907,1.17768,1.17832
2025-12-26,1.17828,1.17965,1.17623,1.17756
2025-12-27,1.17759,1.17817,1.1767,1.17718
2025-12-29,1.17695,1.17889,1.17506,1.17674
2025-12-30,1.17675,1.17801,1.17459,1.17462
2025-12-31,1.17464,1.17583,1.1721,1.17566
2026-01-01,1.17464,1.17506,1.17429,1.17442
2026-01-02,1.17442,1.17653,1.17139,1.17235
2026-01-03,1.17234,1.17237,1.17159,1.17204
2026-01-05,1.17238,1.17286,1.16597,1.1728
2026-01-06,1.17278,1.17426,1.16842,1.16903
2026-01-07,1.16902,1.17025,1.1674,1.16833
2026-01-08,1.16831,1.16844,1.16424,1.16499
2026-01-09,1.16498,1.1663,1.16191,1.1635
2026-01-10,1.16349,1.16418,1.163,1.16351
2026-01-11,1.1635,1.16562,1.16321,1.1637
2026-01-12,1.16368,1.16984,1.16226,1.16727
2026-01-13,1.16725,1.16757,1.16357,1.16496
2026-01-14,1.16494,1.16619,1.16361,1.16374
2026-01-15,1.16372,1.16476,1.15935,1.16138
2026-01-16,1.16136,1.16275,1.15851,1.15968
2026-01-17,1.15966,1.16068,1.15937,1.16056
2026-01-18,1.16053,1.16067,1.15654,1.15786
2026-01-19,1.15783,1.16494,1.15754,1.16435
2026-01-20,1.16432,1.1749,1.16324,1.17133
2026-01-21,1.17131,1.17433,1.16781,1.16913
2026-01-22,1.16911,1.17503,1.16701,1.17443
2026-01-23,1.1744,1.1814,1.17288,1.18126
2026-01-24,1.18123,1.18348,1.18108,1.18247
2026-01-25,1.18244,1.1865,1.18056,1.18545
2026-01-26,1.1854,1.19084,1.18356,1.18798
2026-01-27,1.18794,1.19908,1.1851,1.19773
2026-01-28,1.19771,1.20656,1.18966,1.19407
2026-01-29,1.19402,1.19941,1.19073,1.19525
2026-01-30,1.19524,1.19744,1.18533,1.18686
2026-01-31,1.18683,1.18689,1.18503,1.18539
2026-02-01,1.18537,1.18739,1.18364,1.18533
2026-02-02,1.18534,1.18745,1.17758,1.17897
2026-02-03,1.17899,1.18282,1.178,1.18154
2026-02-04,1.18156,1.18375,1.17918,1.18095
2026-02-05,1.18093,1.1821,1.1781,1.17946
2026-02-06,1.17946,1.18255,1.17673,1.18195
2026-02-07,1.18192,1.18276,1.18073,1.18188
2026-02-08,1.18186,1.18204,1.18147,1.18147
2026-02-09,1.18145,1.19262,1.18098,1.19201
2026-02-10,1.19198,1.19271,1.18879,1.19017
2026-02-11,1.19015,1.19268,1.18387,1.18801
2026-02-12,1.18799,1.18897,1.18535,1.18702
2026-02-13,1.18701,1.18862,1.18485,1.18672
2026-02-14,1.18672,1.18798,1.18451,1.18495
2026-02-15,1.18494,1.18969,1.18405,1.18711
2026-02-16,1.1871,1.18794,1.18465,1.18542
2026-02-17,1.18541,1.18558,1.18058,1.18483
2026-02-18,1.18483,1.1858,1.17836,1.1787
2026-02-19,1.1787,1.18079,1.17428,1.17636
2026-02-20,1.17636,1.18064,1.17448,1.1781
2026-02-21,1.17811,1.17925,1.17784,1.17834
2026-02-22,1.17835,1.17954,1.17752,1.17865
2026-02-23,1.17866,1.18375,1.17752,1.17914
2026-02-24,1.17914,1.17963,1.17671,1.17794
2026-02-25,1.17794,1.18147,1.17712,1.18073
2026-02-26,1.18073,1.18288,1.1774,1.17976
2026-02-27,1.17976,1.18263,1.17899,1.18192
2026-02-28,1.18194,1.18262,1.1805,1.18163
2026-03-01,1.18164,1.18177,1.17502,1.17839
2026-03-02,1.1785,1.1797,1.16731,1.1712
2026-03-03,1.1712,1.1713,1.15316,1.16142
2026-03-04,1.16141,1.16542,1.15767,1.16402
2026-03-05,1.16403,1.16469,1.1561,1.1572
2026-03-06,1.15722,1.16213,1.1547,1.16032
2026-03-07,1.16031,1.1624,1.15969,1.1619
2026-03-08,1.16191,1.16214,1.15514,1.15694
2026-03-09,1.15678,1.16302,1.15085,1.16109
2026-03-10,1.16111,1.16684,1.16079,1.16146
2026-03-11,1.16145,1.16426,1.15637,1.15735
2026-03-12,1.15734,1.15754,1.15113,1.15159
2026-03-13,1.15157,1.15292,1.14206,1.14224
2026-03-14,1.14223,1.14722,1.14113,1.1455
2026-03-15,1.14551,1.14707,1.13515,1.14237
2026-03-16,1.14234,1.15237,1.14146,1.15071
2026-03-17,1.15074,1.15475,1.1468,1.15348
2026-03-18,1.1535,1.1554,1.14693,1.14696
2026-03-19,1.14695,1.16164,1.14437,1.15802
2026-03-20,1.158,1.15975,1.15257,1.15578
2026-03-21,1.15579,1.1617,1.15578,1.15868
2026-03-22,1.15867,1.15951,1.15237,1.15448
2026-03-23,1.15452,1.16393,1.14832,1.16148
2026-03-24,1.16146,1.16177,1.15595,1.15855
2026-03-25,1.15854,1.163,1.15553,1.15625
2026-03-26,1.15624,1.15727,1.15225,1.15227
2026-03-27,1.15225,1.15491,1.1502,1.1518
2026-03-28,1.15178,1.15542,1.15079,1.15393
2026-03-29,1.15391,1.15428,1.14874,1.15007
2026-03-30,1.15005,1.1521,1.14451,1.14592
2026-03-31,1.1459,1.15593,1.14496,1.15593
2026-04-01,1.15591,1.1626,1.15522,1.15851
2026-04-02,1.15849,1.15995,1.15093,1.15349
2026-04-03,1.15347,1.15482,1.15141,1.15147
2026-04-04,1.15145,1.15256,1.15133,1.15204
2026-04-05,1.15201,1.15313,1.144,1.15201
2026-04-06,1.15199,1.15702,1.15066,1.15432
2026-04-07,1.1543,1.16044,1.15261,1.15976
2026-04-08,1.15976,1.17208,1.15948,1.16627
2026-04-09,1.16625,1.17231,1.16511,1.16993
2026-04-10,1.16989,1.17393,1.1678,1.17259
2026-04-11,1.17258,1.17287,1.17161,1.17257
2026-04-12,1.17254,1.17312,1.16594,1.1688
2026-04-13,1.1688,1.17654,1.16652,1.17595
2026-04-14,1.17593,1.1811,1.17558,1.1796
2026-04-15,1.17956,1.18086,1.17734,1.17998
2026-04-16,1.17996,1.18243,1.17676,1.17827
2026-04-17,1.17827,1.18488,1.1763,1.17646
2026-04-18,1.17643,1.17969,1.17601,1.17727
2026-04-19,1.17725,1.17804,1.17303,1.17416
2026-04-20,1.1741,1.17901,1.17299,1.17877
2026-04-21,1.17874,1.1791,1.17161,1.17438
2026-04-22,1.17436,1.17603,1.17035,1.17066
2026-04-23,1.17066,1.1716,1.16714,1.16831
2026-04-24,1.16829,1.1723,1.16738,1.17191
2026-04-25,1.17187,1.1726,1.17167,1.17222
2026-04-26,1.17221,1.17296,1.16867,1.16981
2026-04-27,1.16986,1.1755,1.16901,1.1721
2026-04-28,1.17208,1.17272,1.16785,1.17132
2026-04-29,1.17132,1.17208,1.16636,1.16755
2026-04-30,1.16754,1.17405,1.1656,1.17323
2026-05-01,1.17317,1.17844,1.1716,1.17195
2026-05-02,1.17206,1.17266,1.17176,1.17232
2026-05-03,1.17232,1.17604,1.17168,1.17326
2026-05-04,1.17392,1.17511,1.1681,1.16915
2026-05-05,1.16912,1.17136,1.16769,1.16931
2026-05-06,1.16933,1.1796,1.1692,1.17489
2026-05-07,1.17489,1.17783,1.17242,1.17243
2026-05-08,1.17243,1.17881,1.17233,1.17842
2026-05-09,1.17847,1.1793,1.17579,1.1787
2026-05-10,1.17867,1.18088,1.17451,1.17759
2026-05-11,1.17621,1.17883,1.17492,1.17827
2026-05-12,1.17825,1.17883,1.17233,1.17409
2026-05-13,1.17406,1.17429,1.16963,1.17139
2026-05-14,1.17139,1.17215,1.16664,1.16698
2026-05-15,1.16692,1.16743,1.16174,1.16254
2026-05-16,1.1625,1.16261,1.16225,1.16244
2026-05-17,1.16245,1.1632,1.1613,1.16245
2026-05-18,1.16246,1.16607,1.1609,1.16564
2026-05-19,1.16559,1.16621,1.15926,1.16071
2026-05-20,1.16068,1.16518,1.15833,1.1626
2026-05-21,1.16257,1.16361,1.15774,1.16179
2026-05-22,1.16174,1.16232,1.15888,1.16031
2026-05-23,1.16028,1.16098,1.15989,1.16024
2026-05-24,1.16025,1.16629,1.15864,1.1616
2026-05-25,1.16306,1.16531,1.15907,1.16434
2026-05-26,1.16435,1.16451,1.16167,1.16322
2026-05-27,1.16318,1.16614,1.16226,1.16258
2026-05-28,1.16261,1.166,1.15865,1.16501
2026-05-29,1.16499,1.16857,1.16256,1.16613
2026-05-30,1.16608,1.16623,1.16579,1.16595
2026-05-31,1.16595,1.1667,1.16543,1.16593
2026-06-01,1.16576,1.1665,1.16075,1.16325
2026-06-02,1.16323,1.16553,1.16139,1.16318
2026-06-03,1.16317,1.16335,1.1595,1.15984
2026-06-04,1.15987,1.16451,1.15949,1.16109
2026-06-05,1.16115,1.16448,1.15181,1.15226
2026-06-06,1.15213,1.15262,1.15199,1.15217
2026-06-07,1.15217,1.15264,1.15099,1.1521
2026-06-08,1.15171,1.15548,1.15002,1.15328
2026-06-09,1.15327,1.15781,1.15272,1.15442
2026-06-10,1.15441,1.1573,1.15332,1.15361
2026-06-11,1.15359,1.1588,1.15028,1.1579
2026-06-12,1.15792,1.15892,1.15568,1.15676
2026-06-13,1.15675,1.15797,1.1563,1.15698
2026-06-14,1.15697,1.15852,1.15576,1.15582
2026-06-15,1.15587,1.16222,1.15587,1.15898
2026-06-16,1.15896,1.16194,1.15746,1.16087
2026-06-17,1.16086,1.16169,1.14778,1.15021
2026-06-18,1.15016,1.15297,1.14513,1.14578
2026-06-19,1.14576,1.14812,1.1418,1.1471
2026-06-20,1.14738,1.14813,1.14679,1.14764
2026-06-21,1.14762,1.1483,1.14471,1.14687
2026-06-22,1.14656,1.14767,1.14192,1.14291
2026-06-23,1.14289,1.14386,1.1376,1.13822
2026-06-24,1.13819,1.13848,1.13239,1.13586
2026-06-25,1.1359,1.13899,1.13336,1.13709
2026-06-26,1.13708,1.14331,1.13545,1.13864
2026-06-27,1.13855,1.13969,1.13808,1.13892
2026-06-28,1.13889,1.13967,1.1379,1.13951
2026-06-29,1.1394,1.14309,1.13812,1.14248
2026-06-30,1.14245,1.14347,1.13827,1.14218
2026-07-01,1.14215,1.14259,1.13609,1.13786
2026-07-02,1.13784,1.1473,1.13753,1.14342
2026-07-03,1.14339,1.14621,1.14209,1.14363
2026-07-04,1.1437,1.14458,1.14326,1.14383
2026-07-05,1.14381,1.14658,1.14241,1.14428
2026-07-06,1.14424,1.14459,1.14094,1.14412
2026-07-07,1.14409,1.14483,1.14077,1.14121
2026-07-08,1.14119,1.14317,1.13915,1.14169
2026-07-09,1.14167,1.14494,1.1416,1.14307
2026-07-10,1.14304,1.14605,1.14116,1.14156
2026-07-11,1.14154,1.14237,1.14051,1.14176
2026-07-12,1.14174,1.14301,1.13998,1.14108
2026-07-13,1.141,1.14457,1.1378,1.13805
2026-07-14,1.13803,1.1462,1.13784,1.14211
2026-07-15,1.14212,1.14818,1.14068,1.14633
2026-07-16,1.14634,1.1477,1.14313,1.14431
2026-07-17,1.14437,1.14522,1.14239,1.14377
2026-07-18,1.14376,1.1442,1.14367,1.14387
2026-07-19,1.14385,1.1449,1.14089,1.14316
2026-07-20,1.14319,1.14496,1.14033,1.14146
2026-07-21,1.14144,1.1429,1.13976,1.13979
2026-07-22,1.13981,1.14218,1.1398,1.14128
2026-07-23,1.14126,1.14363,1.13645,1.13779
2026-07-24,1.13778,1.14,1.13654,1.13723
2026-07-25,1.13722,1.1379,1.13701,1.13742
2026-07-26,1.13742,1.14024,1.13636,1.13902
2026-07-27,1.13876,1.14176,1.13665,1.13681
2026-07-28,1.13681,1.14054,1.13542,1.13866
2026-07-29,1.13866,1.14705,1.13753,1.1467
2026-07-30,1.14677,1.15363,1.1435,1.15276
2026-07-31,1.15279,1.15463,1.14565,1.15304
2026-08-01,1.15321,1.15407,1.15251,1.15332
2026-08-02,1.15333,1.15587,1.15201,1.15318
2026-08-03,1.15451,1.15593,1.15018,1.15085
2026-08-04,1.15088,1.15344,1.1503,1.15332
2026-08-05,1.15331,1.15597,1.15262,1.15542
2026-08-06,1.15539,1.15598,1.1515,1.15244
2026-08-07,1.15241,1.15802,1.15172,1.15596
2026-08-08,1.15592,1.15627,1.15574,1.15587
2026-08-09,1.15589,1.159,1.15261,1.15588
2026-08-10,1.15609,1.15668,1.154,1.15432
2026-08-11,1.1543,1.15502,1.15314,1.15432
2026-08-12,1.15429,1.15622,1.15197,1.15247
2026-08-13,1.15251,1.15455,1.1512,1.15291
2026-08-14,1.15297,1.15853,1.15267,1.15705
2026-08-15,1.15702,1.15722,1.15659,1.15691
2026-08-16,1.15689,1.15858,1.15123,1.15666
